elevation,slope,aspect,soil_id,landcover_class,rainfall_1d,rainfall_3d,rainfall_7d,rainfall_15d,rainfall_30d,label
1617.9873046875,19.330665588378903,78.48773193359375,4301.0,30.0,44.6630859375,44.6630859375,56.49906677007675,66.33580341935158,166.77863362431526,0
990.5125732421876,27.76064109802246,292.2981872558594,3665.0,10.0,10.891241073608398,40.28853797912598,63.73694133758545,228.87560510635376,402.4348909854889,1
1079.9267578125,23.15148162841797,41.33177947998047,4301.0,10.0,0.4086943864822387,108.09909355640411,155.151970744133,186.76670444011688,288.74202363193035,0
120.56568908691406,2.8772754669189453,280.53448486328125,3683.0,10.0,0.9806843400001526,60.86031919717789,271.8603726029396,392.0359018445015,497.2309062480927,0
1445.709716796875,13.912297248840332,239.4311370849609,3646.0,50.0,64.58702850341797,104.67656517028809,158.76280546188354,230.82746994495392,572.7589026689529,1
318.39263916015625,4.415086269378662,331.3742980957031,7001.0,50.0,0.3632566630840301,93.56743642687798,178.41237661242485,270.36415538191795,429.2355873212218,1
51.64142227172852,0.307250827550888,189.8984375,3703.0,40.0,119.1610870361328,174.37845134735107,224.71615409851077,868.215784072876,1199.982994377613,0
20.5100326538086,0.3508709967136383,107.52794647216795,6997.0,40.0,0.0,10.029379844665527,177.05087184906006,191.337107360363,314.57738995552063,0
16.799421310424805,0.5511455535888672,101.2404556274414,3708.0,40.0,5.658522129058838,42.45028066635132,87.21949303150177,176.10849237442017,312.59719282388687,0
1648.3985595703125,23.469751358032227,266.4374389648437,4276.0,30.0,2.259432792663574,3.558150053024292,37.61928224563599,137.72731065750122,222.18925639986992,1
794.1651611328125,5.573641300201416,166.83660888671875,3647.0,10.0,47.12301254272461,217.69716262817383,302.48050582408905,1007.2483932971954,1320.3261077404022,0
133.93359375,0.1892804205417633,222.51046752929688,3650.0,40.0,0.0,0.0,0.0,0.0,14.388446792960169,1
1806.620361328125,18.33163070678711,128.7078399658203,4276.0,50.0,19.622175216674805,31.43616509437561,81.99560499191284,158.84711396694183,330.4751490354538,1
72.82743835449219,23.146100997924805,28.021455764770508,3648.0,30.0,65.75471496582031,108.58921241760254,127.45450854301453,213.45629781484604,305.8683080226183,1
2380.24755859375,46.296348571777344,128.94444274902344,11879.0,10.0,2.0,46.79999923706055,48.59999930858612,303.3999990224838,599.4000032246113,0
5014.9033203125,13.915162086486816,10.150110244750977,11711.0,30.0,30.32219314575196,142.1787071228027,193.2660040855408,220.2389388680458,413.5445654988289,0
662.717041015625,16.386865615844727,181.85009765625,4301.0,30.0,4.2091827392578125,17.420373916625977,31.5597475618124,162.23161302506924,371.4166620820761,1
109.28465270996094,3.8665931224823,325.0473327636719,3683.0,40.0,31.753637313842773,72.62800288200378,121.09361243247986,221.57005035877228,414.35951448976994,1
6.852211952209473,0.6771479249000549,285.3809509277344,3707.0,40.0,17.92983055114746,81.37858390808105,121.93627834320068,167.43724048137665,360.487168520689,0
2278.1162109375,29.553451538085938,293.7806396484375,11864.0,10.0,0.0,0.0,0.0,0.0,0.0,0
946.9091796875,32.874210357666016,169.9992218017578,4276.0,10.0,2.103362560272217,3.403168082237244,3.403168082237244,60.98366802930832,176.5798550248146,0
24.804288864135746,0.3350642323493957,308.4742126464844,3708.0,40.0,80.44732666015625,133.09552192687988,213.87099742889404,365.6515266597271,472.7592596709728,1
1698.6575927734375,15.16800594329834,22.56951904296875,4276.0,10.0,4.016603946685791,28.08919143676757,56.48307752609253,144.51053535938263,225.88773614168167,1
1145.7412109375,10.672196388244627,221.54708862304688,4276.0,50.0,9.450075149536133,33.5311918258667,63.943573236465454,151.59405586123466,314.5130006670952,1
180.4623107910156,5.488731384277344,24.263690948486328,3637.0,10.0,12.836102485656738,35.77359104156494,61.31356477737427,62.7167918086052,107.45302972197533,0
53.39770126342773,1.52072274684906,303.621826171875,7001.0,50.0,0.3357650637626648,10.91853493452072,40.93849831819534,73.76714119315147,159.75566437840462,1
1399.593994140625,39.5266227722168,124.86288452148438,3662.0,10.0,0.6007226705551147,40.983073234558105,93.17651057243349,327.15717828273773,654.6897282898426,0
1075.6785888671875,17.817461013793945,153.39553833007812,4276.0,50.0,56.53958511352539,90.1066083908081,95.95358610153198,160.28423690795898,278.0883677005768,1
644.3753051757812,18.432647705078125,270.1038513183594,11775.0,10.0,16.304025650024414,94.55690574645996,143.87315613031387,259.69406682252884,391.0672433376312,1
1473.3265380859375,32.3568000793457,254.3673095703125,3662.0,10.0,32.674198150634766,71.37654113769531,133.5000066757202,266.7599277496338,501.2457747459412,1
226.916244506836,13.250765800476074,191.60353088378903,6997.0,10.0,1.0940377712249756,29.85875964164734,162.66240191459656,373.4185197353363,665.7912752628326,0
333.96112060546875,13.730010986328123,291.238037109375,3814.0,10.0,15.585590362548828,151.18911361694336,244.75053215026853,412.56084352731705,1537.7214122712612,0
1410.63623046875,49.52345657348633,212.1207275390625,3662.0,10.0,54.78919219970703,100.81463623046876,204.7011785507202,391.54718923568726,710.663156747818,1
417.4084777832031,27.67924118041992,336.0464782714844,3701.0,10.0,16.24225616455078,39.247002601623535,102.9472781419754,243.92344784736636,471.1423853635788,0
175.79466247558594,25.44174194335937,32.861515045166016,11775.0,10.0,0.0,0.115666888654232,44.08643689006567,164.35708966106176,331.7849934324622,1
2563.79736328125,36.787506103515625,235.09971618652344,11864.0,10.0,13.530034065246582,13.530034065246582,19.45623344182968,65.04736000299454,337.2986210286617,0
3571.027587890625,15.03206729888916,293.2994079589844,11879.0,10.0,0.0,1.232376664876938,151.6925309598446,250.1139026582241,389.5192916989327,0
335.8134460449219,46.51467514038086,13.88074016571045,11775.0,10.0,46.87040710449219,148.8238525390625,234.29472255706787,326.11787509918213,760.5257467031479,1
38.48175430297852,0.2410872131586074,164.64376831054688,3683.0,40.0,28.612285614013672,40.96925616264343,128.4232759475708,223.4391228556633,310.8474002182484,0
1826.7259521484373,27.59085273742676,56.02335739135742,4301.0,10.0,85.54586029052734,123.26487731933594,141.30807518959045,297.3533320426941,385.7425099611282,1
2711.717529296875,23.323204040527344,20.605710983276367,3651.0,10.0,2.277458429336548,5.997212886810303,13.42838317155838,324.8464877009392,681.5835053324699,0
162.0301513671875,1.6842904090881348,204.87039184570312,3849.0,10.0,10.971378326416016,27.287150025367737,69.80006849765778,175.90266543626785,282.021635890007,0
1312.0723876953125,15.88975715637207,277.99920654296875,4301.0,10.0,31.371232986450195,67.53527688980103,84.47733008861542,183.3811312913895,295.4571381658316,1
1061.6243896484375,32.83844375610352,40.92158508300781,11790.0,10.0,0.0,0.0,0.0,0.0,0.0,1
1637.970458984375,29.973892211914062,170.74038696289062,4276.0,30.0,0.0,27.65966796875,40.62927174568176,147.65579795837402,338.99631583690643,1
1800.0015869140625,48.01810836791992,112.00715637207033,11864.0,10.0,21.01597213745117,46.12934160232544,90.14911699295044,143.52643571794033,270.4125516265631,1
8.18182373046875,3.55239200592041,103.87127685546876,6690.0,10.0,16.114154815673828,24.516836762428284,55.990428149700165,66.12002402544022,75.08072253316641,0
2307.368408203125,38.695533752441406,294.6297302246094,3651.0,10.0,21.18157768249512,114.06572914123537,322.7811870574951,407.777957201004,1141.545837804675,0
304.8196105957031,6.453155994415283,263.4756774902344,3814.0,10.0,16.179718017578125,41.478515684604645,287.398043692112,533.7328577637672,995.1748757958412,1
2444.436279296875,14.2368745803833,222.82147216796875,11864.0,10.0,16.534317016601562,25.0557753443718,46.01817554235458,285.57811015844345,611.2121159881353,1
1392.1922607421875,14.490296363830566,7.227597713470459,4276.0,40.0,2.180759191513061,23.93103814125061,57.369091868400574,184.4406454563141,336.29801070690155,1
589.8258056640625,43.89005279541016,184.1293334960937,3651.0,10.0,11.669933319091797,18.182047605514526,69.97604262828827,553.3330672979355,901.341516494751,0
789.679931640625,8.309388160705566,274.537841796875,4301.0,10.0,9.57053565979004,53.63579559326172,73.79247260093689,277.674831032753,489.8057225942612,1
1014.4380493164062,20.835657119750977,193.8237762451172,4301.0,10.0,0.5506669282913208,14.773563742637636,48.26856577396393,97.02642393112184,163.91031605005264,0
1124.3389892578125,42.254432678222656,332.7762145996094,11839.0,10.0,28.5236930847168,40.90591526031494,124.26004791259766,269.8316600769758,395.377273902297,0
942.494140625,19.673952102661133,301.0443115234375,4276.0,50.0,83.27330017089844,120.11932420730592,137.65396869182587,291.03835117816925,383.0159598588944,1
1120.0899658203125,39.13233184814453,58.77556610107422,4301.0,10.0,0.0,1.5002634525299072,44.10044479370117,306.7988750189543,407.09482692182064,0
721.4577026367188,37.36384582519531,83.02684020996094,11839.0,10.0,115.34709930419922,187.79465675354004,308.76233100891113,481.42090168595314,765.9628936350346,1
72.29875946044922,10.562407493591309,160.86668395996094,3814.0,50.0,10.85966682434082,16.130963563919067,37.73783314228058,76.13955250382423,190.84574636816976,1
2668.882568359375,18.030498504638672,73.16909790039062,3717.0,30.0,5.238631725311279,22.84493827819824,53.26316261291504,81.80548334121704,157.17634665966034,1
91.2352523803711,0.4468733966350555,301.947265625,3683.0,40.0,39.52106857299805,77.24250602722168,108.92553758621216,231.780038356781,401.58767998218536,0
121.34584045410156,3.41336727142334,222.82228088378903,3637.0,40.0,12.297005653381348,42.57768058776856,106.13518238067628,286.66802740097046,439.8536661863327,0
281.32135009765625,12.110350608825684,87.53504943847656,3814.0,10.0,0.0,0.0,1.932726502418518,231.30089604854584,366.979650080204,1
82.56718444824219,13.991209983825684,196.78944396972656,7001.0,50.0,18.460617065429688,50.2480673789978,63.19849902391434,98.04024106264114,149.67839747667313,1
519.5264282226562,22.671611785888672,137.26321411132812,3665.0,10.0,0.3216414749622345,7.211878567934036,103.8482285439968,140.11196133494377,356.9999526441097,0
75.37010192871094,0.0913356617093086,39.43743133544922,3650.0,40.0,15.81459617614746,66.23863983154295,113.96816742420197,129.62702903151512,423.544285826385,0
422.1638793945313,21.93941879272461,72.36782836914062,3821.0,10.0,1.3052250146865845,15.1201354265213,49.02244387567044,115.00475193560123,326.9376922696829,0
4810.8193359375,14.445725440979004,82.26144409179688,11705.0,60.0,2.770415544509888,10.351436376571655,67.23294284939766,114.50484928488731,408.4878223836422,0
1732.721435546875,41.3967170715332,145.68299865722656,4362.0,10.0,4.5,10.499999821186066,39.90000015497208,268.29999405145645,365.9999902844429,0
1707.704833984375,31.64654922485352,210.1183319091797,4276.0,10.0,0.0,27.65966796875,40.62927174568176,147.65579795837402,338.99631583690643,1
148.66004943847656,12.232135772705078,52.83893585205078,11775.0,50.0,57.06776809692383,83.21805667877197,231.68055629730225,313.83636063337326,623.9461237192154,1
3997.77001953125,35.684837341308594,314.8851928710937,11909.0,10.0,53.498985290527344,64.26325917243958,113.26435971260072,237.7097348570824,368.861942127347,0
606.9176635742188,25.54982185363769,17.10862922668457,11790.0,10.0,0.0,0.0,0.0,0.0,0.0,1
61.67985916137695,1.1955183744430542,349.6234436035156,3650.0,40.0,4.140077590942383,16.87372636795044,95.14433908462524,185.84895826876163,420.5292050391436,0
2094.9697265625,31.50166893005371,308.998046875,3651.0,10.0,2.560544490814209,25.29499864578247,74.45626531541348,220.148260101676,260.620938077569,0
633.5919799804688,41.36114501953125,132.21055603027344,4301.0,10.0,15.997886657714844,25.70088756084442,134.20570695400238,239.9078948497772,332.21696519851685,1
85.09440612792969,16.955944061279297,134.39682006835938,3701.0,10.0,9.579708099365234,25.37697029113769,46.326197147369385,231.25577878952024,362.0772542655468,1
1389.9193115234375,30.95311164855957,225.73321533203125,4276.0,10.0,0.0,8.008686125278473,26.541107654571533,28.119139298796654,202.0683976262808,1
1017.2667846679688,16.193531036376953,125.95889282226562,4301.0,10.0,9.881393432617188,12.846706688404083,42.85710197687149,55.5944564640522,213.662605792284,1
752.471923828125,12.967930793762209,77.6561508178711,4276.0,10.0,0.0,14.310218811035156,91.14404201507568,165.34109604358673,280.882552459836,0
2955.310302734375,34.26346969604492,269.6700744628906,3717.0,10.0,29.94341087341309,56.49093246459961,105.32343482971191,253.88379669189453,483.2910799980164,0
148.2101287841797,8.46279239654541,84.32936096191406,3650.0,10.0,90.21906280517578,112.94345903396606,128.25892797112465,215.2935097515583,289.26680713891983,1
1280.449951171875,13.43272304534912,66.5816421508789,4276.0,10.0,3.5268335342407227,15.968923293054104,82.44201823323965,171.81546815484762,306.13233955949545,1
1439.238037109375,32.67754364013672,106.71857452392578,4276.0,30.0,87.59803771972656,126.09715604782104,144.59679210186005,302.9975036382675,388.00014185905457,1
57.36517333984375,0.2666132748126983,66.64592742919922,3703.0,40.0,0.0,0.0,0.1122791841626167,0.1122791841626167,0.1122791841626167,0
152.47006225585938,6.1949968338012695,356.0416564941406,4276.0,10.0,45.33193206787109,99.71284103393556,109.77721172571182,137.43927091360092,241.4613085985184,1
207.1768035888672,1.380793213844299,112.44084930419922,4301.0,10.0,0.0,0.0,0.0,0.0,0.0,0
210.589599609375,5.63365364074707,315.86431884765625,3637.0,10.0,95.70874786376952,177.4802074432373,213.02667880058289,349.68026304244995,620.0422768592834,1
59.0,3.9407763481140137,111.79122924804688,3814.0,10.0,7.914829254150391,370.9403991699219,468.7851257324219,490.12611106038094,584.870940476656,1
1607.4580078125,32.041446685791016,111.2265167236328,4276.0,30.0,15.093090057373049,26.05495548248291,78.83641457557678,88.71177771687508,341.3924062550068,1
993.1607055664062,36.3893928527832,162.69052124023438,4301.0,10.0,0.4324156939983368,9.34217044711113,31.161642998456955,74.31325215101242,114.810171097517,1
573.1685180664062,33.45001983642578,322.15582275390625,11775.0,10.0,28.27663803100586,56.81496810913086,61.48886328935623,148.96984840929508,461.9099376350641,1
60.97722244262695,1.390323281288147,1.5760518312454224,3650.0,10.0,5.542366027832031,12.585644721984863,41.80274051427841,94.01407641172408,256.2365003824234,0
2415.67626953125,39.05245208740234,100.93274688720705,11864.0,10.0,0.0,0.0,0.0,0.0,14.400000408291818,0
1732.437255859375,41.680152893066406,177.45468139648438,3662.0,10.0,62.83584976196289,88.2045373916626,135.23477029800415,196.23695731163025,271.2232459187508,1
50.63019561767578,1.1443397998809814,76.6540756225586,3703.0,10.0,0.0,0.0,0.0,51.70938122272492,218.03028243780136,0
31.35995101928711,8.786304473876953,203.44081115722656,3750.0,50.0,48.67731857299805,497.9026565551758,526.8351516723633,576.2034887075424,700.6820062473416,1
1070.9158935546875,5.136133670806885,297.9364318847656,4276.0,40.0,18.2579288482666,37.04059410095215,127.52547311782835,198.4453148841858,366.22873401641846,0
622.3023681640625,35.438629150390625,240.777099609375,4301.0,10.0,0.0,26.863744378089905,80.39055788516998,139.4787060022354,241.5494687855244,0
299.08111572265625,12.319843292236328,214.46913146972656,3814.0,10.0,25.725317001342773,36.16598343849182,44.59716355800629,172.1244729757309,383.04444539546967,0
2122.02734375,17.876569747924805,23.00362014770508,4276.0,10.0,82.01839447021484,118.28771543502808,135.53689110279083,287.76245033741,381.09095980226994,0
2072.79833984375,19.428630828857425,284.2879333496094,3717.0,10.0,62.83584976196289,88.2045373916626,135.23477029800415,196.23695731163025,271.2232459187508,0
275.6462097167969,30.58514976501465,6.18858814239502,4276.0,10.0,59.9792366027832,98.8922085762024,312.5442866384983,355.1205853521824,455.1613607108593,1
1223.6009521484375,9.077141761779783,79.6989517211914,3646.0,30.0,23.4087028503418,86.16457939147949,138.76943063735962,182.75999683141708,437.6678427308798,1
2495.308837890625,21.07806396484375,98.7368621826172,11839.0,10.0,27.610292434692383,93.23551654815674,149.2222601622343,342.821886703372,539.4671291559935,0
1604.829345703125,14.775442123413086,154.97055053710938,3651.0,10.0,11.913078308105469,18.43391466140747,113.96243143081664,232.7634630203247,278.562933921814,0
7.203652858734131,0.3167110979557037,197.1021881103516,3707.0,40.0,0.0,0.0,0.0,0.0,0.0,0
157.38409423828125,16.41172218322754,153.22520446777344,3814.0,10.0,27.653865814208984,33.66422748565674,55.35324263572693,105.86664214730264,218.66046258807185,1
228.99533081054688,27.4383544921875,69.82225036621094,3665.0,10.0,11.322115898132324,41.1891074180603,102.77107697725296,151.16429311037064,276.1184593439102,0
55.62598037719727,0.2488172799348831,213.38998413085932,3814.0,40.0,6.516430377960205,73.0137015581131,91.58575370907784,180.25267297774556,543.4068591669202,0
66.35061645507812,6.25981330871582,126.77867889404295,3814.0,50.0,1.7305618524551392,7.270082831382753,97.57036244869232,156.56267245858908,411.0775168016553,1
2516.158203125,20.168285369873047,296.7752380371094,11864.0,10.0,0.1436233222484588,0.4955802857875823,0.4955802857875823,107.77481895685196,249.0126520097256,0
21.6162166595459,1.01405668258667,83.92041015625,3701.0,40.0,0.0,28.98593044281006,96.25459957122804,302.4622309207916,468.72852662205696,0
705.9417724609375,11.936344146728516,315.3321838378906,4276.0,10.0,33.48929214477539,108.63214111328124,153.73481917381287,292.67084670066833,626.0549881458282,1
1947.65869140625,9.8460693359375,248.90582275390625,3717.0,30.0,35.85348892211914,61.01907730102539,144.07147789001465,211.96603256464005,364.8764150738716,1
727.4697265625,17.821475982666016,8.26441478729248,4276.0,50.0,43.551300048828125,94.09831047058104,165.93157386779785,286.0481045246124,583.5468263626099,1
1493.7166748046875,24.355453491210938,92.02509307861328,4276.0,50.0,0.2190285325050354,6.084251463413239,44.21942573785782,125.4026307463646,352.4340814948082,1
1398.61669921875,1.1882646083831787,257.742919921875,4301.0,10.0,7.807618618011475,28.27251434326172,89.2677252292633,139.35804384946823,262.140122294426,1
1154.176513671875,26.76761245727539,107.4515609741211,4276.0,10.0,0.1868220716714859,61.046651020646095,131.3663296699524,216.91841554641724,293.9861741065979,0
30.05308151245117,0.2727581560611725,52.03242492675781,3703.0,40.0,2.9910500049591064,15.63699460029602,15.63699460029602,77.48701620101929,468.7446827888489,0
308.4480895996094,6.186566352844238,181.83233642578125,4255.0,10.0,4.690903186798096,71.93943452835083,104.75599998235704,171.9670199751854,316.5112116932869,1
3576.85546875,31.00588607788086,348.1512145996094,11909.0,30.0,0.0,0.0,0.0,0.0,0.0,0
93.38243103027344,0.7191911935806274,280.79412841796875,3637.0,40.0,6.517909049987793,20.284167289733887,46.6403701454401,114.75661112368108,419.7382532805205,0
15.269099235534668,0.4469160139560699,285.8340148925781,3709.0,40.0,4.980615139007568,23.81509780883789,25.7632509469986,136.1998706459999,296.12125462293625,0
688.9466552734375,3.927459955215454,110.28069305419922,4276.0,50.0,60.06459045410156,91.8743815422058,94.70729398727416,132.67486941814423,255.83079653978348,1
1345.8138427734375,30.899389266967773,187.8236389160156,4301.0,10.0,8.494384765625,29.76855659484864,58.26972007751465,87.5010815858841,171.05826115608215,1
134.29087829589844,12.368220329284668,153.619873046875,3708.0,10.0,12.910459518432615,26.0113492012024,62.07772970199585,263.8776495456696,423.4040070772171,1
1751.1224365234375,35.480995178222656,72.86370086669922,11864.0,10.0,60.25883865356445,201.05291748046875,272.35187673568726,379.5420444011688,515.2528097629547,0
4544.1416015625,42.22124862670898,336.94854736328125,11000.0,100.0,1.95852279663086,149.92880821228027,421.69309425354,501.5037570148706,710.3375196605921,0
1343.6978759765625,13.105812072753906,352.9725036621094,4301.0,10.0,0.0,0.0,41.53087759017944,73.27351450920105,144.9324053376913,1
216.5975952148437,27.278533935546875,229.7401428222656,3814.0,10.0,156.9263458251953,160.38024753332138,180.10782605409622,216.6120997965336,496.6770333349705,0
2727.81494140625,38.32456970214844,180.1403350830078,11864.0,10.0,8.193873405456543,13.28865122795105,79.41639840602875,213.23206996917725,263.71261286735535,0
1567.893310546875,14.322092056274414,40.1620979309082,4276.0,50.0,1.2756764888763428,10.445794582366943,107.74848222732544,268.34244510531425,338.12488977611065,1
1254.337646484375,11.02405071258545,131.7313690185547,3647.0,50.0,48.1134147644043,59.23598861694336,68.89835834503174,116.25112000852825,232.83063323050737,1
4423.13232421875,34.74678039550781,239.14952087402344,11727.0,30.0,42.60288238525391,96.56318855285645,143.18921494483948,401.6610682159662,613.6009339988232,0
260.83367919921875,22.26826286315918,240.75006103515625,3665.0,10.0,6.000000476837158,16.000000476837158,48.00000047683716,171.0000033378601,360.0000071525574,0
1272.4034423828125,41.07431411743164,252.1377868652344,4301.0,50.0,0.1381768584251403,0.7132545113563536,43.20425468683243,78.10240337252617,312.84818825125694,1
5124.7099609375,3.1172773838043213,357.4846496582031,11730.0,60.0,15.579941749572754,26.948936462402344,89.63057279586792,166.95628476142883,479.2953938692808,0
3814.060302734375,22.29228782653809,69.72046661376953,3651.0,10.0,3.521937608718872,29.182711839675903,50.10196530818939,128.43772399425507,245.37724074721336,0
4068.79833984375,23.739479064941406,221.3957977294922,11727.0,10.0,0.0,0.0,0.0,0.0,0.0,0
5.455545425415039,0.1366552859544754,345.44482421875,3707.0,40.0,0.0,6.955358028411865,44.34825503826141,196.24138028919697,398.37485437095165,0
668.9224243164062,11.877516746520996,142.18495178222656,3665.0,50.0,3.9207494258880615,19.62464714050293,32.80175971984863,36.95974203944206,65.27729281783104,1
1080.629638671875,3.915915966033936,165.46482849121094,7001.0,50.0,24.61383628845215,74.89123153686523,158.64895343780518,196.24268579483032,218.8304843306541,1
1643.135009765625,32.36518478393555,95.36782836914062,3651.0,10.0,25.12475204467773,93.63404655456544,274.3334712982178,325.4929485321045,785.6526766419411,0
1479.3677978515625,9.688231468200684,159.8080596923828,3647.0,10.0,275.992919921875,682.1831359863281,960.6376099586488,1674.4413046836853,2763.7384600639343,1
5088.82373046875,24.410547256469727,282.3735046386719,11765.0,60.0,3.586354255676269,18.038824558258057,34.69838070869446,52.00899939239025,116.44579450786114,0
246.9105987548828,7.741371154785156,350.77178955078125,4276.0,10.0,28.35235977172852,31.280173391103748,34.62419388443232,37.33240816742182,53.54204914718866,0
1863.98974609375,19.3557243347168,282.3814697265625,11864.0,10.0,7.49111795425415,8.008956968784332,8.008956968784332,8.008956968784332,9.888906300067902,0
76.04483032226562,15.784801483154297,3.643526554107666,3701.0,10.0,6.412547588348389,106.42016553878784,183.65937280654907,261.0560438632965,478.04680705070496,0
768.0828247070312,0.0556547008454799,186.158432006836,4331.0,90.0,0.0,0.0,0.3243622183799743,54.12654083967209,119.26095372438432,0
1515.9171142578125,41.73021697998047,291.3511962890625,3662.0,10.0,20.994691848754883,27.638539791107178,96.77934432029724,142.370081782341,308.63104800879955,1
4544.06787109375,3.857558727264404,192.6879730224609,11423.0,60.0,2.1907129287719727,9.01064658164978,39.78541684150696,130.0175998210907,333.65426325798035,0
1017.9199829101562,8.591971397399902,12.90983772277832,4276.0,40.0,0.0,12.52111554145813,66.35627233982086,145.07458984851837,290.4925365447998,1
1139.4647216796875,9.877705574035645,184.81100463867188,3665.0,50.0,0.0,66.15701103210449,88.14850071072578,199.7798374593258,411.9137812554836,1
81.63195037841797,0.4141707122325897,151.02926635742188,3850.0,40.0,25.280405044555664,33.07898557186127,33.211321234703064,69.69745719432831,156.77960658073425,0
170.9136199951172,15.63372039794922,118.5219497680664,3650.0,10.0,5.463315010070801,9.630594402551653,39.199520498514175,82.15285256505013,157.0204013288021,1
52.80718994140625,7.378290176391602,256.06964111328125,3701.0,10.0,18.64170265197754,23.57944518327713,32.91985660791397,144.00053292512894,266.4061441868544,0
154.5777587890625,13.107542037963867,206.671127319336,4282.0,10.0,0.0,0.0,0.0,0.0,0.0,0
255.3252410888672,20.12415313720703,172.67161560058594,3689.0,10.0,87.59803771972656,126.09715604782104,144.59679210186005,302.9975036382675,388.00014185905457,1
793.0284423828125,6.406473159790039,252.3161773681641,4301.0,10.0,1.011186122894287,11.61553092300892,17.6162156611681,57.14483147859573,157.1561106145382,1
2156.06640625,12.854486465454102,265.8982238769531,11839.0,10.0,0.1244822070002555,11.757970981299875,31.38401143997908,64.51779323071241,213.08611228317025,0
4461.47021484375,24.00809669494629,332.2297668457031,11752.0,30.0,1.9187440872192385,11.653835535049438,23.11220586299896,70.12572242319584,292.29290426522493,0
87.89129638671875,24.25786590576172,33.33564376831055,3650.0,10.0,29.11067581176757,48.350838452577584,122.44517043232918,155.46632416546345,233.8719801455736,1
2.449357986450196,0.8077583312988281,30.582029342651367,3649.0,90.0,0.0,0.0,0.0,0.0,3.482457458972931,0
650.1611938476562,25.07476043701172,20.209487915039062,4276.0,10.0,3.394020795822144,54.56693363189697,101.21441592276096,193.16306246817112,314.3911446481943,1
1682.0732421875,49.365989685058594,188.25425720214844,4276.0,10.0,1.3096506595611572,16.928996801376343,21.054461002349854,128.91430187225342,290.63683223724365,1
174.13681030273438,0.7094519138336182,62.39254760742188,11775.0,10.0,59.9184799194336,77.9468035697937,126.8680567741394,195.99088883399963,288.5050678253174,0
478.9856262207031,13.082609176635742,137.0054473876953,3662.0,10.0,47.973899841308594,68.90163958072662,84.53075763583183,229.94487926363945,494.12554144859314,1
205.76043701171875,17.583864212036133,334.7571716308594,3814.0,10.0,20.46379470825196,56.13058853149415,72.03215861320496,108.52735590934752,192.120580971241,1
1926.915283203125,26.70143318176269,188.1388092041016,11790.0,10.0,0.0,9.785882532596588,39.4685497879982,104.89420396089554,306.07993918657303,0
38.38522338867188,5.054456233978272,326.4285583496094,3701.0,50.0,73.51335144042969,77.611631244421,106.299792855978,258.5888700783253,490.7533649504185,1
1607.7843017578125,10.135364532470703,145.84268188476562,3662.0,50.0,4.440304279327393,78.04703378677368,127.27492141723631,242.3651146888733,420.2061846256256,1
1035.8770751953125,32.44350814819336,212.4457244873047,4301.0,10.0,12.098999977111816,18.122816383838654,28.58400246500969,37.13111965358257,103.39343811571598,0
823.1968994140625,25.226354598999023,352.4324035644531,4301.0,10.0,7.750629901885986,35.94569253921509,136.54854249954224,245.4416394233704,406.4987011253834,0
1166.3331298828125,3.8316009044647217,345.2371826171875,4276.0,10.0,8.271346092224121,24.56794309616089,52.80796217918396,88.94934460520744,326.9610177576542,1
182.3294677734375,10.071325302124023,35.041587829589844,3648.0,10.0,23.446001052856445,34.48268365859985,63.67916250228882,116.1650482416153,374.7961630821228,1
870.244873046875,7.713263034820557,211.4642028808593,11864.0,50.0,25.304676055908203,80.80371284484863,147.22974848747253,196.88112235069275,242.54127341508865,1
27.969724655151367,1.2175372838974,34.413597106933594,3708.0,30.0,0.0,0.0,0.0,0.0,0.0,1
2421.01220703125,11.812448501586914,212.7010498046875,3651.0,10.0,48.49403381347656,108.44456672668456,109.59181261062622,126.2679193019867,283.3705396056175,0
298.2340393066406,36.45602035522461,83.33001708984375,3665.0,10.0,77.59724426269531,146.7102870941162,171.75482940673828,186.91869854927063,216.22997117042544,0
316.58819580078125,0.4093584716320038,2.702026844024658,3814.0,10.0,28.85296440124512,66.74810600280762,108.02942180633544,186.8994057774544,275.4514391720295,1
118.33870697021484,4.6746134757995605,26.55876350402832,3650.0,10.0,7.798964023590088,19.499743461608887,54.796552896499634,162.49421221017838,235.9577279090881,1
1532.53369140625,34.45263671875,57.72176742553711,4301.0,10.0,15.90500545501709,38.46987199783325,179.6098107099533,227.8396423459053,516.33965665102,0
23.78892707824707,0.9681410789489746,178.80838012695312,3707.0,40.0,0.460820734500885,152.82034307718277,194.2624310851097,439.3576315045357,447.576181024313,0
1093.6075439453125,36.65387725830078,267.8105773925781,4301.0,10.0,23.716760635375977,106.22027778625488,191.0541658997536,272.8513912558556,375.6182999163866,1
3579.512939453125,23.55665779113769,91.92863464355467,11727.0,10.0,0.0,0.0,0.0,0.0,0.0,1
1583.0235595703125,16.498443603515625,99.55950164794922,4276.0,10.0,36.75754165649414,76.48665428161621,137.38618755340576,264.3466557264328,307.697790145874,1
1506.6357421875,7.491045475006103,315.9411926269531,3646.0,50.0,55.83925247192383,144.93849754333496,196.6080787330866,523.0802705436945,605.55607663095,1
1718.2083740234375,20.65381050109864,300.1977844238281,11839.0,10.0,0.5136722326278687,2.22395932674408,45.82063019275665,182.0141533613205,445.1030865907669,0
28.031164169311523,6.779423236846924,284.6083068847656,3636.0,50.0,158.2001495361328,270.4916934967041,337.015582382679,373.1951298713684,475.003912627697,1
3494.92578125,27.95033836364746,123.51553344726562,3717.0,10.0,5.8755784034729,27.652955055236816,67.17195880413055,178.60895669460297,395.6886729001999,1
19.257080078125,4.526947498321533,333.6733703613281,3709.0,10.0,4.27513313293457,9.862087726593018,42.76036587357521,191.79607620835304,302.7580116093159,0
142.5193328857422,2.6297595500946045,20.27004051208496,3850.0,10.0,73.96831512451172,175.31921768188477,266.8473217487335,572.5497784987092,644.3536206558347,0
1441.904052734375,11.241731643676758,288.869384765625,4276.0,50.0,54.94748306274414,90.3361759185791,92.84922567009926,146.20140400528908,336.46804189682007,1
434.98052978515625,33.452396392822266,49.655574798583984,4276.0,10.0,62.997703552246094,62.997703552246094,64.99796199798584,198.9904968738556,536.5818306207657,0
6.284634590148926,1.373475432395935,327.7719116210937,3649.0,90.0,102.14591217041016,116.40032768249512,117.01160636544228,610.887908488512,1240.6934448480606,0
26.261837005615234,15.329258918762209,292.1842956542969,3708.0,60.0,9.404762268066406,17.77733564376831,73.30030679702759,227.12353658676147,356.5644597709179,0
1847.1929931640625,21.42333221435547,243.3324432373047,4301.0,50.0,83.27330017089844,120.11932420730592,137.65396869182587,291.03835117816925,383.0159598588944,1
1701.351318359375,15.59140682220459,136.51828002929688,4276.0,50.0,2.643849372863769,10.228721380233765,27.05740642547608,124.5474202632904,292.1579529345036,1
568.129638671875,26.82391357421875,329.2273254394531,4276.0,10.0,18.71483993530273,83.41134643554688,182.567156791687,306.5471782684326,448.3347135931253,1
2188.75927734375,5.467228889465332,60.57899856567383,3662.0,10.0,29.562604904174805,49.27011966705322,86.91372314095497,191.38436925411224,677.4105678796768,1
5349.0087890625,25.932422637939453,206.276123046875,3717.0,70.0,38.06478500366211,45.237011194229126,71.13003611564636,135.75612926483154,290.3444343805313,0
4576.21923828125,10.513750076293944,86.27967071533203,11750.0,60.0,0.3282899558544159,3.633287340402603,20.10554376244545,27.52800439298153,102.40566454827784,0
33.09661865234375,0.1324274688959121,22.3540153503418,3705.0,40.0,0.6173506379127502,2.534843623638153,77.74408459663391,173.51462051272392,246.77564013004303,0
1405.31298828125,18.86229705810547,287.7832336425781,4301.0,10.0,87.52693939208984,125.99406433105467,144.4805532693863,302.9071170091629,388.00457525253296,1
105.77986907958984,3.7439703941345215,109.94335174560548,3637.0,10.0,62.91832733154297,150.02403259277344,208.6611361503601,241.26602232456207,302.98662546277046,0
1881.5177001953125,43.33646011352539,77.44633483886719,4351.0,10.0,24.599279403686523,36.00720691680908,95.4023408293724,123.06936635077,328.1075629144907,0
578.08349609375,25.219715118408203,79.98339080810547,11775.0,10.0,5.692145824432373,10.596486449241638,30.882709860801697,47.13164947926998,124.98482106626034,1
883.6295776367188,8.855734825134277,70.08084106445312,3665.0,10.0,6.217409133911133,91.41976881027222,103.04235965013504,187.69545590877533,279.57317930459976,1
1372.5592041015625,25.05665397644043,187.59539794921875,4276.0,50.0,29.66444969177246,57.24293613433838,82.78889691829681,155.1510088443756,240.0187568962574,1
1396.6646728515625,24.1990966796875,12.221054077148438,4276.0,10.0,15.214532852172852,23.10076577961445,31.620361998677254,91.66733606159688,162.1349287778139,1
1673.9583740234375,28.86422538757324,147.94798278808594,11864.0,10.0,49.67435836791992,101.06675624847412,134.47214269638062,311.54314279556274,418.4036692678928,0
19.23475646972656,0.782954752445221,109.75222778320312,3708.0,10.0,0.2870916128158569,15.293627619743347,60.301708579063416,211.00850945711136,453.0385058522224,0
1457.2515869140625,32.074851989746094,39.74892425537109,4301.0,10.0,11.684067726135254,46.014445304870605,120.84759998321532,205.5474337935448,252.1980555355549,0
96.65662384033205,9.91713809967041,137.4087371826172,3650.0,50.0,28.944425582885746,85.79954528808594,119.32504653930664,127.25461696088314,202.7015015333891,1
110.1644287109375,1.2641973495483398,7.233015060424805,3637.0,10.0,11.564383506774902,15.492756485939026,15.962326407432556,61.13302916288376,163.0138147622347,0
69.56409454345703,3.1132261753082275,23.69331932067871,3650.0,40.0,0.0,43.37726402282715,49.43872690200806,83.65191546082497,192.487201243639,0
15.56897258758545,5.209686279296875,180.7236175537109,3636.0,10.0,5.374691963195801,11.57151985168457,44.51939272880554,171.61972975730896,236.3978687003255,0
994.5647583007812,0.1200252026319503,262.2038879394531,4276.0,40.0,0.8403140306472778,49.26908791065216,93.2761288881302,149.8676005601883,314.802360534668,1
3.512232780456543,0.0812369212508201,192.1918487548828,3707.0,40.0,0.0,0.0,0.0,0.0,0.0,0
123.3163604736328,0.5481805205345154,357.5759582519531,4282.0,10.0,1.016599416732788,2.2009243965148926,38.00009477138519,102.84841844439508,151.12946535646915,0
1315.94140625,32.48843765258789,41.41226577758789,11839.0,10.0,35.727935791015625,81.77547264099121,86.60913717746735,216.70310840010643,306.6395466327667,0
821.6849365234375,32.75297927856445,257.3713684082031,3637.0,10.0,0.0,0.0,21.83549118041992,100.8933081626892,260.1568615436554,0
19.80394744873047,0.3577986657619476,157.65318298339844,3708.0,40.0,0.0,2.9089448153972626,53.07380911707878,163.037516862154,453.1722373664379,0
782.2091674804688,1.4935643672943115,346.2854309082031,7001.0,60.0,0.8111542463302612,8.961729884147644,50.00461161136627,84.15591204166412,261.40960282087326,1
2629.98583984375,5.943219661712647,54.262969970703125,11864.0,10.0,1.4935989379882812,1.4935989379882812,10.624203950166702,84.99479004740715,212.0589375197888,1
70.22361755371094,0.2707546055316925,255.1260681152344,3650.0,40.0,0.0,3.6807010173797607,14.277477860450745,29.98140799999237,102.2675429135561,0
175.7871551513672,14.356929779052734,8.92135238647461,3665.0,10.0,42.11566925048828,52.82124066352844,196.87387204170227,447.60647970438,600.0955194532871,1
138.84580993652344,4.695854663848877,244.00303649902344,3850.0,10.0,0.4267053604125976,2.773186206817627,6.68667833507061,85.84282533824444,352.6255262345076,0
140.13702392578125,19.3603572845459,118.40477752685548,3814.0,10.0,1.310154676437378,26.09939122200012,159.78648401796818,244.39774252474308,381.12651589512825,0
746.7476196289062,21.305740356445312,190.0960235595703,3662.0,10.0,12.966178894042969,67.4974136352539,147.22596216201782,202.0828273296356,371.9279283285141,1
313.701416015625,44.307918548583984,206.54513549804688,3814.0,10.0,0.0,0.0,13.251515865325928,18.336862981319427,1083.7128185629845,0
1865.764892578125,50.18288040161133,248.6693115234375,11909.0,10.0,0.0,1.3368525505065918,18.92806714773178,106.79207599163055,388.2404381632805,1
1171.9498291015625,6.588235855102539,272.0567932128906,4276.0,50.0,18.506322860717773,32.04225826263428,83.3467630147934,162.2573435306549,337.9369192123413,1
214.14358520507807,10.277758598327637,8.43869686126709,11775.0,10.0,28.156652450561523,76.97483253479004,137.2204953432083,263.01409661769867,469.2506365478039,1
992.7924194335938,36.79927444458008,216.0336761474609,11814.0,10.0,17.200000762939453,37.20000267028809,103.10000562667848,262.300009727478,307.1000089645386,1
1307.4000244140625,16.60420036315918,144.4363250732422,4276.0,10.0,11.168607711791992,43.91825199127197,121.6747362613678,186.7667142599821,310.59775230288506,1
5177.11376953125,22.25964736938477,124.91314697265624,11765.0,60.0,100.40821075439452,272.99568939208984,272.99568939208984,591.7525539398193,707.6589115858078,0
1394.78759765625,21.55358123779297,299.9535522460937,4301.0,10.0,87.39673614501953,125.80645084381104,144.2682421207428,302.71954679489136,387.9936159849167,1
782.773681640625,35.69247817993164,220.4382781982422,11790.0,10.0,11.540975570678713,13.81069588661194,13.81069588661194,13.81069588661194,20.18699741363525,1
1100.0721435546875,22.64996719360352,301.0080871582031,4301.0,10.0,0.0,0.0,0.0,0.0,8.517873764038086,1
18.24329948425293,0.3833625912666321,212.08718872070312,3709.0,10.0,88.25798034667969,138.28425693511963,190.63494861125943,244.15830996632576,520.1930288076401,0
84.44129180908203,9.231465339660645,50.586524963378906,3636.0,10.0,39.74915313720703,100.8197922706604,222.3974485397339,526.9828991889954,853.2667730599642,0
1257.6201171875,15.882923126220703,155.53907775878906,4276.0,30.0,16.5528564453125,36.87479782104492,120.78648376464844,146.17793165147305,209.18479044735432,1
4439.44140625,11.234978675842283,308.7758483886719,11724.0,30.0,54.0,118.19999980926514,253.29999780654907,343.2999968528748,750.9999926686287,0
37.81271743774414,1.7509676218032837,75.49504089355469,3636.0,40.0,0.0,0.0,6.8993916511535645,212.468022108078,248.37585094571116,0
87.20455932617188,2.2078194618225098,135.9998016357422,3683.0,10.0,120.56781768798828,190.85782623291016,262.7882256507873,400.19112861156464,455.6471040844917,0
761.26708984375,12.259746551513672,246.8202667236328,4412.0,10.0,2.223695516586304,12.293017625808716,75.5786372423172,161.81491494178772,347.35237477719784,0
83.94776916503906,2.94718074798584,290.37860107421875,3849.0,10.0,0.0,4.521975815296173,4.828762143850327,4.828762143850327,4.966298744082451,0
1584.68603515625,21.87909889221192,311.5113220214844,11839.0,10.0,41.37458038330078,61.67828541994095,187.8941586613655,536.3184853196144,867.0858108103275,0
10.943575859069824,4.267683029174805,287.1970520019531,3707.0,10.0,4.595717430114746,24.10513687133789,37.7161158323288,102.95189547538756,306.1447834968567,0
57.39784622192383,6.398752689361572,215.5794219970703,3650.0,10.0,23.335004806518555,95.7021312713623,156.6705358028412,295.720228523016,374.0342198908329,1
1384.0423583984375,14.964365005493164,41.47489929199219,4276.0,30.0,10.238118171691896,12.082259178161625,72.69927477836609,128.32813692092896,275.1369628608227,1
4260.63623046875,25.658859252929688,192.0123443603516,11103.0,30.0,23.971019744873047,53.79711246490479,79.12063363939524,226.6788391247392,517.4121319428086,0
1014.9989624023438,16.769115447998047,37.76345443725586,4301.0,10.0,20.622323989868164,37.80447572469711,74.31176418066025,93.85690002143384,181.87146367132664,0
50.55361557006836,3.721177577972412,313.0758972167969,3650.0,10.0,12.457226753234863,48.87014865875244,64.94680534303188,210.9016529768705,332.5516501516104,1
1579.132568359375,39.96002960205078,174.26980590820312,11864.0,10.0,0.2912605106830597,11.207969456911089,68.549874573946,129.65250888466835,423.0963255465031,1
293.32550048828125,16.646879196166992,171.388916015625,4276.0,10.0,15.22734260559082,23.52731442451477,67.64374738931656,129.31614726781845,290.39625293016434,0
77.73472595214844,14.751564979553224,186.65069580078125,3708.0,10.0,0.0,0.0,0.0,0.3556208908557892,20.275508612394333,1
4352.2607421875,10.076030731201172,19.935636520385746,11727.0,10.0,0.0,0.0,0.0,0.0,0.0,0
580.07568359375,15.474212646484377,234.81480407714844,3647.0,10.0,18.443323135375977,41.828036308288574,88.26815700531006,124.3895636126399,175.89866299182177,0
1437.78466796875,31.77921867370605,256.06817626953125,3662.0,10.0,20.994691848754883,27.638539791107178,96.77934432029724,142.370081782341,308.63104800879955,1
816.72607421875,30.60249900817871,262.5022277832031,4276.0,10.0,14.227904319763184,58.85437297821045,111.8438458442688,202.59427165985107,449.7193372249603,0
384.6809692382813,4.525496959686279,123.4520263671875,3814.0,10.0,17.27470588684082,77.48331451416016,102.4311870932579,186.54811078310013,428.9905724823475,0
898.3978881835938,35.2557258605957,136.89552307128906,11790.0,10.0,2.200000047683716,73.0000011920929,100.60000014305116,103.40000024437904,303.3999872803688,0
1411.6787109375,26.313316345214844,263.1837463378906,4276.0,10.0,3.1867330074310303,7.520715475082397,80.75746488571167,260.34321188926697,342.0514198988676,1
3529.253173828125,12.84598159790039,296.9156799316406,11727.0,10.0,0.0,0.0,0.0,0.0,0.0,0
4518.71875,41.11103820800781,175.12258911132812,11765.0,100.0,0.0,0.0,0.0,0.0,0.0,0
104.1291046142578,9.694157600402832,210.014892578125,3665.0,10.0,188.93283081054688,228.1857442855835,271.43767860531807,285.5911333858967,532.4836724102497,1
1062.7523193359375,36.32458114624024,13.159481048583984,3689.0,10.0,32.800479888916016,45.80049228668213,110.90134188532828,196.7029329240322,307.6043192446232,0
1535.130615234375,40.3395881652832,192.931640625,4276.0,10.0,1.3039958477020264,78.49687886238098,88.56377053260803,164.1417437493801,303.1762820780277,1
37.28353500366211,2.45774507522583,36.38214492797852,3665.0,40.0,13.899998664855955,23.025198221206665,55.05504441261292,151.43321347236633,332.6800580024719,0
10.551849365234377,0.111104778945446,287.628173828125,3649.0,40.0,12.910459518432615,26.011349201202396,62.07772970199585,263.8776495456696,423.4040070772171,0
35.052528381347656,0.6133871078491211,134.27490234375,3703.0,40.0,0.0,0.0,0.0,0.0,0.0,0
198.8146514892578,5.811610221862793,315.1335144042969,3637.0,60.0,58.49909973144531,87.63480949401855,116.86903381347656,136.74918687343597,173.2012360021472,1
259.01287841796875,4.847469806671143,63.26151657104492,3814.0,10.0,3.9573659896850586,46.80274391174317,70.29462265968323,141.16598933935165,240.95559729635715,1
60.84480285644531,6.881247043609619,139.46990966796875,3637.0,50.0,90.21906280517578,112.94345903396606,128.25892797112465,215.2935097515583,289.26680713891983,1
799.3491821289062,34.972633361816406,205.96563720703125,4276.0,50.0,3.1867330074310303,7.520715475082397,80.75746488571167,260.34321188926697,342.0514198988676,1
20.222278594970703,1.5068520307540894,5.737685203552246,6997.0,40.0,1.5578080415725708,12.856591552495956,15.383493453264236,279.72139425575733,613.9993553608656,0
2648.820068359375,37.30349349975586,230.4048614501953,11864.0,10.0,17.986675262451172,55.666178703308105,174.09280395507812,254.06711443513632,590.0032566860318,0
277.8223876953125,26.78093147277832,96.16568756103516,3689.0,10.0,0.0,0.0,0.0,0.0,0.0,1
115.96711730957033,8.775213241577148,359.3273620605469,3665.0,10.0,131.0623016357422,216.97248458862305,344.22278022766113,406.40288066864014,461.0527119636536,1
799.0735473632812,14.031889915466309,156.2122344970703,4276.0,50.0,47.95542144775391,100.74873971939088,101.97395530343056,140.62452545762062,219.9328721910715,1
1618.262451171875,31.08435821533203,246.3616943359375,4276.0,10.0,4.345972061157227,8.186289310455322,41.55123043060303,161.75898349285126,338.5425263345241,1
132.5273895263672,0.3987009823322296,103.08811950683594,11775.0,60.0,72.29249572753906,95.41388034820557,110.66745901107788,219.1119369864464,375.93594217300415,1
1018.9749755859376,21.91521644592285,319.4974060058594,4301.0,10.0,87.52693939208984,125.99406433105467,144.4805532693863,302.9071170091629,388.00457525253296,1
5.891245365142822,0.4223991930484772,3.1153244972229004,3707.0,40.0,0.0,0.0,0.0,0.0,0.0,0
72.69801330566406,3.8823652267456055,260.3367614746094,3814.0,50.0,90.21906280517578,112.94345903396606,128.25892797112465,215.2935097515583,289.26680713891983,1
285.7799377441406,5.6393232345581055,120.71436309814452,3814.0,10.0,5.514796257019043,8.982629418373108,89.4851964712143,156.06373628228903,413.82509852200747,1
724.9029541015625,14.960299491882324,163.16981506347656,3646.0,10.0,32.75308609008789,80.34158670902252,149.5044275522232,166.246867030859,207.8771004974842,0
270.9970092773437,6.731748104095459,119.65299224853516,4276.0,10.0,2.442675828933716,8.788684248924255,46.95514380931854,117.19757667183876,173.19814524054527,1
32.46798324584961,0.4292817711830139,140.27059936523438,3705.0,40.0,0.0,8.233489036560059,8.70541363954544,46.14887198805809,264.8381015956402,0
2476.70458984375,52.02497863769531,268.8404846191406,11839.0,10.0,0.0,0.0,137.00000190734863,293.2000082731247,362.80000844597816,0
1845.9775390625,34.200496673583984,133.8531951904297,3662.0,10.0,3.284724235534668,75.79609298706055,120.05962294340134,243.21520680189133,431.84978598356247,1
3844.254150390625,40.6651725769043,154.6766815185547,11864.0,100.0,114.8178482055664,223.14435958862305,420.6899290084839,471.5609865188599,773.7040781974792,0
1834.3089599609373,32.287559509277344,9.80190658569336,3651.0,10.0,0.0,37.26143836975098,114.287501424551,181.32186233997345,279.2963433265686,0
155.5242919921875,25.422700881958008,153.64625549316406,3814.0,10.0,149.00009155273438,399.51245880126953,551.1611804962158,775.0899202823639,1601.8367079496384,1
91.26741790771484,9.171771049499512,187.4657287597656,3665.0,10.0,6.180509567260742,20.75189208984375,38.47342896461487,142.35566288232803,388.29932910203934,0
146.62811279296875,6.229365348815918,215.52430725097656,4276.0,10.0,25.88199615478516,94.66548824310304,136.91057640314102,189.79008227586743,344.50545340776443,1
1200.44921875,15.24721622467041,247.9924468994141,4276.0,10.0,0.0,7.128800570964813,29.285243690013885,62.11196096241474,178.36276227235794,0
53.06816101074219,0.3109254240989685,258.0604858398437,3648.0,40.0,2.8453807830810547,167.96479606628418,324.57912135124207,362.2566944658756,421.2883212268353,0
974.2714233398438,25.156400680541992,21.64884757995605,7001.0,30.0,4.063979148864746,4.318403609097004,4.777386732399464,111.63170785456896,280.0219880118966,1
1028.4278564453125,39.21456909179688,261.27880859375,7001.0,50.0,40.94890213012695,56.952598094940186,124.14165353775024,294.6467547416687,451.1870174407959,1
729.5139770507812,31.68890953063965,90.78144073486328,4301.0,10.0,6.895749568939209,103.82600736618042,157.04517364501953,318.83132100105286,573.3590936660767,1
134.023193359375,0.9272137880325316,260.4241027832031,3637.0,60.0,28.38370132446289,60.54528427124024,98.64338064193726,198.09365558624268,346.87954545021057,1
1574.1639404296875,36.5161361694336,179.4974822998047,3662.0,30.0,48.47993469238281,70.46832656860352,102.52745962142944,176.60268259048462,235.6838743686676,1
309.9352111816406,6.40664529800415,256.3793029785156,3814.0,10.0,48.94815444946289,80.40783405303955,93.4120698273182,217.9378999173641,384.7054210007191,1
2482.45703125,31.459352493286133,285.4111022949219,11909.0,10.0,8.419084548950195,109.36117172241212,173.67337226867676,270.40256547927856,420.8835185319185,0
52.26758193969727,0.1739358901977539,97.6135482788086,3683.0,40.0,0.0,4.98233699798584,10.657039523124697,145.75205771625042,193.44130198657516,0
54.13603210449219,2.3207428455352783,165.17791748046875,7001.0,50.0,18.990015029907227,22.039622336626053,100.34868147969246,128.72593267261982,219.32889790833,1
1710.7818603515625,13.136102676391602,108.51004791259766,4276.0,10.0,20.44708824157715,32.81678795814514,54.295642137527466,162.47979372739792,319.9675286412239,1
781.77392578125,1.3385379314422607,70.32735443115234,7001.0,50.0,12.139857292175291,35.24129009246826,92.25179243087769,178.18338304758072,285.6766139268875,1
28.73887252807617,4.908453464508057,255.056381225586,3705.0,40.0,1.1701971292495728,11.504589140415192,85.18187433481216,110.62554413080215,254.6162132769823,0
1778.078369140625,29.12509536743164,313.4775695800781,4276.0,10.0,24.14681625366211,49.55095386505127,79.44044828414917,180.9318710565567,392.01923340559006,1
112.05316925048828,0.4478302001953125,90.03004455566406,3683.0,40.0,0.7023342251777649,28.18963646888733,49.95879828929901,131.23457407951355,243.58428964018825,0
53.07623291015625,0.2155579626560211,231.892807006836,3683.0,40.0,0.2865309715270996,15.206477642059324,49.9796633720398,62.528912007808685,125.02040576934814,0
979.0990600585938,9.997483253479004,91.10256958007812,4301.0,10.0,87.59803771972656,126.09715604782104,144.59679210186005,302.9975036382675,388.00014185905457,1
249.5445709228516,24.577110290527344,150.73089599609375,4412.0,10.0,3.5657780170440674,47.54473328590393,62.01943230628967,110.40215361118317,272.8602905273437,0
1618.675537109375,5.658908367156982,14.910490036010742,4276.0,50.0,32.590938568115234,60.28028202056885,103.6040735244751,133.09392449259758,313.6135528385639,1
1315.960693359375,32.6228141784668,98.87903594970705,4301.0,10.0,9.373889923095703,64.87385559082031,91.7675075531006,299.7439306974411,531.7310223579407,1
4.726126670837402,0.7277580499649048,209.55914306640625,3707.0,40.0,4.7966814041137695,29.42316246032715,39.47468888759613,72.73395910859108,350.01197255402803,0
1781.6500244140625,36.002079010009766,275.1668395996094,4301.0,10.0,31.86587905883789,40.77938199043274,57.60056030750275,217.00707352161407,325.11753380298615,1
235.1554718017578,6.132185935974121,10.132259368896484,4282.0,10.0,6.998801231384277,30.89845919609069,66.39689303934574,115.99049092829227,140.69739450514317,0
967.669921875,37.27308654785156,314.15966796875,11775.0,10.0,49.33350372314453,55.33867120742798,270.4090337753296,482.1301147937775,843.5211751461029,0
796.3433227539062,34.4484748840332,53.18932723999024,3665.0,10.0,22.77785301208496,55.6202278137207,97.70793318748474,244.52231168746948,436.8615756034851,1
662.717041015625,16.386865615844727,181.85009765625,4301.0,30.0,56.13555145263672,77.47363948822021,147.25492525100708,265.32060050964355,443.5322065651417,1
1597.063720703125,20.88618850708008,214.6125640869141,4301.0,10.0,31.78360939025879,69.68986701965332,169.036670088768,273.17494106292725,299.36867590248585,0
1478.2481689453125,7.621303558349609,219.2281036376953,4276.0,10.0,0.0,27.65966796875,40.62927174568176,147.65579795837402,338.99631583690643,1
1339.629638671875,28.65985870361328,305.55908203125,4276.0,10.0,11.168607711791992,43.91825199127197,121.6747362613678,186.7667142599821,310.59775230288506,1
291.5473327636719,33.53962707519531,109.16466522216795,3814.0,10.0,9.263514518737791,53.30933904647827,68.6673150062561,351.57556706666946,697.1413976550102,0
1009.9530029296876,24.41946601867676,273.8585510253906,4276.0,10.0,28.13821601867676,107.72103118896484,120.40432810783386,162.46578216552734,301.15266489982605,1
95.85718536376952,0.4398163855075836,208.16661071777344,3650.0,40.0,2.6689136028289795,9.657087087631226,19.33571122586727,19.438315957784653,29.56525592505932,0
154.7435760498047,11.907132148742676,108.38583374023438,3708.0,10.0,16.688932418823242,29.72620248794556,41.19041609764099,130.61284382641315,313.4857256859541,1
3535.76416015625,45.54940032958984,284.1355285644531,11000.0,10.0,0.0,0.0,0.0,0.0,0.0,0
517.7041015625,32.23862075805664,134.4281768798828,4301.0,10.0,12.212467193603516,27.2627477645874,111.47000694274902,235.24887830019,438.1113298535347,1
36.41224670410156,1.8625975847244265,356.2896728515625,3650.0,80.0,0.2135146111249923,5.280288502573967,5.280288502573967,47.31967084109783,130.84185016155243,0
1622.6070556640625,30.74102020263672,253.6410980224609,4301.0,10.0,33.39507293701172,42.39028549194336,60.12724840641022,224.67775118350983,327.2679395079613,1
473.4650268554688,25.31962013244629,234.47976684570312,3665.0,10.0,3.8114166259765625,15.694936275482178,46.34452307224274,69.41391146183014,264.9231461286545,0
668.3739013671875,19.087387084960938,331.8041076660156,4276.0,10.0,20.120386123657227,70.54337728023529,91.8042547404766,115.0454795062542,188.92101421952248,1
3.246015310287476,0.3228281736373901,52.345848083496094,3707.0,40.0,7.003803730010986,9.343612909317017,68.4631884098053,220.83444666862488,529.0337846279144,0
288.7623291015625,4.995776176452637,98.00234985351562,3637.0,10.0,17.399999618530273,17.399999618530273,90.39999890327454,120.39999985694884,320.7999945282936,0
338.0,10.04387378692627,270.0,4276.0,10.0,4.990725517272949,22.503785967826843,55.73860132694245,76.02569288015366,149.1478509157896,1
157.76112365722656,6.950309753417969,257.016357421875,3650.0,10.0,16.147174835205078,16.253498792648315,21.589822560548782,50.88161280751228,265.48003152012825,0
119.56959533691406,0.1315324455499649,107.01534271240234,4282.0,40.0,35.57999038696289,92.81214380264282,92.81214380264282,122.8041373938322,192.44507733732465,0
90.37369537353516,0.2638905346393585,265.1537475585937,3637.0,40.0,2.893009901046753,4.973080366849899,19.73390433192253,111.91055783629416,173.28357979655266,0
1154.0389404296875,28.59084701538086,310.3680114746094,4276.0,10.0,16.19354248046875,80.32765769958496,124.79991388320924,220.3722287416458,424.577222764492,1
978.6586303710938,30.205677032470703,80.6833267211914,3665.0,50.0,10.891241073608398,40.28853797912598,63.73694133758545,228.87560510635376,402.4348909854889,1
103.41920471191406,1.490165114402771,130.10470581054688,3683.0,10.0,10.0,25.800000190734863,27.600000143051147,189.6000030040741,616.6000032424927,0
905.5567016601562,33.573360443115234,186.70074462890625,4301.0,10.0,1.4216063022613523,6.524518728256226,20.83163273334503,84.15378892421722,226.60519456863403,1
3818.028564453125,37.39944076538086,357.65545654296875,11004.0,30.0,1.8211350440979004,69.58969449996948,95.96168340742588,261.899143114686,386.14162424206734,0
103.36077880859376,19.323692321777344,352.72100830078125,3708.0,10.0,16.55670928955078,71.39928817749023,112.19475013017654,341.4983385205269,490.296012699604,1
3810.72802734375,17.237892150878906,202.5615692138672,3717.0,10.0,35.85348892211914,61.01907730102539,144.07147789001465,211.96603256464005,364.8764150738716,1
8.84602165222168,4.010478973388672,88.95967102050781,3709.0,40.0,0.6792441010475159,44.68790346384048,90.53483253717422,252.512429356575,312.83736431598663,0
247.15359497070312,26.163562774658203,253.6774444580078,3708.0,10.0,0.2043373882770538,22.738360673189163,48.86469069123268,278.0129019320011,451.9616045951843,1
749.7581787109375,29.002290725708008,286.5693359375,4301.0,10.0,3.102843761444092,24.111960887908936,154.26117658615112,334.7648901939392,585.4928612709045,0
105.84972381591795,1.4400733709335327,245.47149658203125,3637.0,10.0,10.96998691558838,36.88992691040039,57.49202138185501,141.29216188192368,298.2346427440644,0
4057.804443359375,28.4505615234375,247.92762756347656,11727.0,30.0,0.0,2.1459378004074097,25.85199612379074,63.48784154653549,152.36789017915726,1
1782.916748046875,29.478073120117188,306.7606201171875,4301.0,30.0,11.168607711791992,43.91825199127197,121.6747362613678,186.7667142599821,310.59775230288506,1
1213.68408203125,21.690649032592773,65.05585479736328,4301.0,50.0,5.58575963973999,9.435453534126282,95.89020216464996,128.2826610803604,207.5699042826891,1
17.410123825073242,3.2775967121124268,2.7381081581115723,3705.0,40.0,0.0,14.223764419555664,67.42944769561291,119.75521962344646,242.2472159266472,0
1762.3734130859375,7.410953044891357,343.1671142578125,4276.0,10.0,13.420442581176758,25.34966802597046,150.43415212631226,235.2209655046463,346.90620800852776,1
5160.18017578125,26.39419174194336,38.67650985717773,11765.0,70.0,0.0,0.0,0.0,0.0,0.0,0
18.292707443237305,3.1575632095336914,92.87689208984376,3705.0,10.0,0.0,0.6041461825370789,1.1910638809204102,44.92654514312744,45.28033629059792,0
1718.238037109375,34.03382110595703,277.4131774902344,11839.0,10.0,20.73471641540528,21.8841679096222,56.584103286266334,67.11356341838837,424.5136216878891,1
394.7284240722656,13.277341842651367,353.5431213378906,4301.0,10.0,15.09889316558838,34.22992420196533,67.91925168037415,143.30045688152313,234.77660846710205,1
516.0626220703125,25.266372680664062,256.58599853515625,4301.0,10.0,33.83208084106445,91.12721991539,91.12721991539,120.52556788921356,189.922542706132,1
233.6793212890625,2.9778594970703125,103.85961151123048,3849.0,10.0,0.0,11.018627166748049,11.018627166748049,22.937146425247192,249.3495296239853,0
5281.60546875,38.494285583496094,248.50631713867188,11765.0,60.0,0.0,13.039081573486328,61.715034782886505,116.86588603258132,348.8731431216001,0
7.805677890777588,1.7459067106246948,192.37193298339844,3709.0,10.0,14.304468154907228,150.91728973388672,185.78133621811867,277.99776354432106,731.4149881899357,0
1017.85888671875,16.315696716308594,136.19497680664062,4276.0,10.0,60.33836364746094,107.41370296478271,110.26633942127228,160.23456156253815,251.36677276343107,0
2583.543701171875,39.36943054199219,65.92166900634766,11864.0,10.0,0.9624714851379396,34.09039640426636,73.19762516021729,212.1829552650452,464.537672996521,0
237.25320434570312,6.35941743850708,39.83789443969727,4276.0,10.0,40.099891662597656,43.07702344655991,73.5117124915123,103.12028765678406,240.3707685470581,1
3751.0,9.637657165527344,180.0,3717.0,30.0,6.479767799377441,88.523118019104,113.20369175076485,189.29021868109703,547.6903359293938,1
475.7527770996094,32.56305694580078,96.88330078125,3647.0,10.0,48.91153717041016,92.51889991760254,158.81379437446594,420.8037784695625,1371.0958853960035,0
124.11662292480467,15.977131843566896,9.01478672027588,3650.0,10.0,9.594910621643066,44.8629150390625,86.35835981369019,126.34369459748268,194.26018199324608,1
51.93117904663086,1.0328607559204102,67.40087890625,3814.0,10.0,65.75471496582031,108.58921241760254,127.45450854301453,213.45629781484604,305.8683080226183,1
799.6514282226562,2.4718377590179443,302.0936584472656,4276.0,40.0,0.3460222482681274,17.11305344104767,30.31349241733551,72.53415858745575,287.72454607486725,1
522.2227783203125,29.5554141998291,72.61568450927734,4276.0,10.0,8.671316146850586,11.269039869308472,18.03079468011856,103.98220974206924,252.22770285606384,0
879.9097900390625,23.49284172058105,117.61614227294922,4276.0,30.0,9.469091415405272,9.64519453048706,9.64519453048706,9.827642023563383,25.44571727514267,1
2693.17724609375,7.516595363616943,63.39360427856445,11879.0,30.0,7.138001918792725,30.65940922498704,66.06143397092819,189.45041340589523,362.8281607031822,1
306.1405639648437,32.21190643310547,282.95050048828125,4301.0,10.0,0.0,10.803217053413391,45.503893971443176,241.3821097612381,327.6891371011734,1
1248.3062744140625,24.968429565429688,121.91926574707033,3646.0,30.0,12.709793090820312,45.80541515350342,48.98231458663941,51.96128195524216,68.0946393609047,0
200.9275360107422,18.710119247436523,97.92127990722656,3665.0,10.0,1.0013359785079956,30.00011909008026,162.9961279630661,374.9816988706589,668.9639838933945,0
335.4233703613281,38.68427276611328,15.105154037475586,3662.0,10.0,0.0,60.03106117248535,121.64757812023164,147.7482647895813,383.7927111387253,1
737.1397094726562,39.09297561645508,158.22698974609375,11790.0,10.0,0.0,0.0,0.0,121.45457792282104,352.6477591097355,0
294.5935974121094,0.492451548576355,155.0437469482422,4276.0,40.0,3.400000095367432,54.59999847412109,101.19999952614307,193.19999761879444,313.64643712341785,1
166.25210571289062,12.733492851257324,316.8834533691406,4282.0,10.0,46.78651809692383,86.09568881988525,91.99759948253632,158.46298348903656,260.46196788549423,0
1680.466064453125,33.51717758178711,208.6646881103516,4301.0,10.0,39.30250549316406,91.29440450668336,91.29440450668336,122.27079397439957,213.9771676659584,0
97.3168716430664,11.84779930114746,210.03501892089844,3665.0,10.0,13.52755355834961,45.830330848693855,117.64470863342284,275.7419004440308,376.9440090060234,0
5112.62060546875,11.283048629760742,170.6098175048828,11765.0,30.0,24.33521842956543,80.94480454921722,113.20877540111542,156.56904017925262,322.64127773046494,0
321.0578308105469,24.32272148132324,308.30438232421875,3814.0,10.0,16.179718017578125,41.478515684604645,287.398043692112,533.7328577637672,995.1748757958412,1
3889.316650390625,18.53253555297852,48.37858581542969,3717.0,10.0,1.444369196891785,23.73372256755829,59.96366202831268,105.37248128652573,183.14807324111464,1
18.72933959960937,3.2813942432403564,336.93231201171875,3708.0,10.0,280.2071838378906,370.416561126709,485.084946513176,527.4306996464729,1008.3223870396614,1
1732.5048828125,16.83842658996582,317.0778503417969,4301.0,10.0,63.38833999633789,92.63987731933594,105.7403608560562,236.11719644069672,360.2887585759163,1
61.6475830078125,2.4126532077789307,46.717559814453125,3703.0,10.0,4.93845796585083,32.49249982833862,188.3617720603943,468.49418783187866,526.4799055159092,0
594.242431640625,24.947830200195312,227.651596069336,4351.0,10.0,33.68991470336914,94.4405918121338,190.2925329208374,511.9206218719482,876.3863904476166,1
1558.9539794921875,16.332609176635742,47.38410949707031,4276.0,50.0,25.41084289550781,50.20871686935424,94.7442271709442,180.4247269630432,359.69129943847656,1
804.6470336914062,6.917438983917236,125.98974609375,3665.0,50.0,65.5222396850586,114.67226028442384,213.8169806599617,302.35721230506897,421.3240892291069,1
82.97383880615234,0.8501798510551453,252.3343048095703,3650.0,40.0,7.559370994567871,22.761902809143063,119.5185055732727,163.32524156570437,259.5840527415276,0
3603.12353515625,41.05392074584961,313.3518371582031,11909.0,10.0,3.200000286102295,7.600000381469727,8.800000429153442,47.60000157356262,67.32993292808533,0
1562.1533203125,16.503074645996094,255.90419006347656,4301.0,30.0,0.6133350133895874,59.919084906578064,96.06510722637177,144.97636795043945,571.0652657747269,1
2414.574462890625,23.59556579589844,352.4862976074219,11879.0,30.0,0.2490379959344864,8.316763177514076,15.243799582123756,95.51707257330418,239.7786560207605,1
2121.573486328125,21.04854965209961,78.2112808227539,3662.0,10.0,23.793811798095703,59.58388113975525,93.4936797618866,169.77559304237366,251.1324947923422,1
167.73648071289062,39.12760543823242,111.36415100097656,3665.0,10.0,0.0,0.0,121.29998970031738,242.59998750686648,348.999981880188,0
1045.6080322265625,32.508907318115234,227.523178100586,4276.0,10.0,3.046121835708618,21.277132272720337,40.81350475549698,76.61138798296452,150.6263835579157,1
426.9829711914063,15.998947143554688,115.5353012084961,4276.0,10.0,25.92937660217285,70.58947372436523,91.37228155136108,143.14011651277542,262.1705707758665,0
682.1798706054688,14.59104824066162,241.2232818603516,4301.0,10.0,10.951200485229492,98.86871147155762,154.56643199920654,263.78295731544495,404.840901479125,0
13.303274154663086,0.3238983750343323,199.85313415527344,3705.0,40.0,0.0,0.7196407318115234,2.0695120990276337,86.72886171936989,157.72575321793556,0
936.3826904296876,14.197311401367188,63.31035614013672,3689.0,10.0,87.59803771972656,126.09715604782104,144.59679210186005,302.9975036382675,388.00014185905457,1
184.3007354736328,24.096893310546875,273.5305480957031,3665.0,10.0,49.01494216918945,81.90335178375244,136.32499885559082,256.8331251144409,369.20389899611473,0
505.0892639160156,16.381793975830078,13.081802368164062,4276.0,10.0,11.543168067932127,42.879401206970215,47.80848741531372,114.66650915145874,199.10674518346784,0
1512.023193359375,7.67141056060791,50.47274398803711,4276.0,60.0,2.4875473976135254,3.4672278612852097,17.141565546393394,85.37979339063168,157.13251267373562,1
1294.7689208984375,28.76937866210937,13.746570587158203,4301.0,10.0,0.1381768584251403,0.7132545113563536,43.20425468683243,78.10240337252617,312.84818825125694,1
931.5346069335938,38.28877258300781,151.0821533203125,11790.0,10.0,4.187518119812012,27.17002487182617,42.83531868457795,96.83439362049104,269.8711263537407,1
1380.4051513671875,3.523115396499634,178.10552978515625,3646.0,60.0,57.50128555297852,88.12138271331787,162.29165172576904,234.2925565987825,330.7791969925165,1
59.30535125732422,3.391876459121704,100.04878997802734,3814.0,50.0,0.2501476109027862,19.158864051103592,92.22528651356696,110.59381665289402,204.62101455032823,1
77.03489685058594,7.658712387084961,303.1128234863281,3814.0,40.0,90.21906280517578,112.94345903396606,128.25892797112465,215.2935097515583,289.26680713891983,1
849.9560546875,32.14229965209961,62.84455490112305,4301.0,10.0,0.0,115.5435028076172,269.0007972717285,353.5846781730652,479.51315450668335,1
66.71479797363281,17.28343963623047,329.407958984375,3650.0,10.0,0.0,0.0,0.0,0.237429603934288,0.3578026220202445,1
3539.40966796875,32.13236999511719,42.00631713867188,11000.0,10.0,5.551512241363525,19.029703378677368,131.8866536617279,183.03118109703064,370.2809145450592,0
952.0215454101562,38.48440170288086,307.1102905273437,4301.0,10.0,0.0,0.0,0.0,0.0,0.0,0
59.87318801879883,2.40101957321167,93.4993667602539,3849.0,10.0,2.411094188690185,10.350537717342377,51.27917042374611,54.14336261153221,69.21572843194008,0
344.7012939453125,7.863541126251221,243.4810485839844,3814.0,10.0,43.13186264038086,97.8447265625,113.39717268943788,133.79491713643074,340.6517327129841,1
50.42731857299805,1.596494197845459,6.500499725341797,3683.0,40.0,0.0,0.0,63.291248083114624,165.17688123881817,557.5169923752546,0
79.7369613647461,2.8196563720703125,339.2678527832031,3650.0,30.0,0.0,7.056852340698242,109.2532377243042,154.42362475395203,276.93054765462875,0
469.0908508300781,12.226112365722656,73.02989196777344,3647.0,10.0,39.47585678100586,48.59074401855469,63.43050253391266,94.64769646525384,243.96095037460327,0
1685.0491943359375,8.240832328796387,146.5194091796875,4276.0,10.0,14.12753677368164,53.13920831680298,72.66202236711979,168.3562185317278,280.38825556635857,1
1382.1925048828125,11.335694313049316,190.244384765625,4276.0,50.0,28.94656753540039,81.72849655151367,109.67711758613586,245.3135502338409,371.5266084074974,1
4439.89501953125,23.67599868774414,284.0340270996094,11719.0,60.0,0.2185405641794204,0.7894355207681654,16.137555852532387,77.07921348512173,166.46171627938747,0
3.689398288726807,0.1958520263433456,219.6428985595703,3707.0,10.0,73.02750396728516,226.29191207885745,246.86944389343265,287.4892420768738,408.7637803554535,0
85.85330963134766,34.82474899291992,120.0568389892578,7001.0,10.0,5.463315010070801,9.630594402551653,39.199520498514175,82.15285256505013,157.0204013288021,1
1436.1641845703125,24.053451538085938,95.30050659179688,4276.0,50.0,31.042171478271484,31.61304897069931,55.20523315668106,185.56546765565872,254.475634932518,1
14.148301124572754,4.529523849487305,141.542724609375,3709.0,10.0,34.06842422485352,40.287253260612495,85.12575200200081,190.82383063435557,414.1655663251877,0
619.4727172851562,47.23527908325195,50.11663818359375,3662.0,10.0,7.639058113098144,37.283318519592285,104.54559803009032,209.60245543718335,534.6100622415543,0
666.1650390625,19.92926025390625,66.17134094238281,4301.0,10.0,0.0,67.60121250152588,84.50204518437386,224.9866338074208,417.291489392519,1
150.3795928955078,1.9931442737579343,32.07267761230469,7001.0,50.0,50.41462707519531,60.492212653160095,175.24139153957367,241.137209713459,433.3632103204727,1
52.556583404541016,2.540988206863404,343.1995544433594,7001.0,50.0,5.163311004638672,14.724420547485352,69.34801578521729,134.53417932987213,239.88992996513844,1
2991.711181640625,45.21991729736328,255.560302734375,11879.0,10.0,0.0,0.3144584894180298,65.0464676618576,176.25283253192902,331.5710319876671,0
990.2874755859376,40.22372817993164,252.7734832763672,4276.0,10.0,0.0,3.9129388332366943,58.03950047492981,101.75632774829865,341.37541192770004,1
607.28466796875,13.861909866333008,304.4750671386719,4301.0,10.0,12.400032043457031,12.601071655750276,17.30195313692093,49.002425134181976,174.11665958166122,0
1.3508363962173462,0.1279093325138092,284.1938781738281,6690.0,40.0,0.0,37.725985527038574,108.55307173728944,178.67941784858704,411.0678653717041,0
1170.2288818359375,41.15029144287109,223.1303558349609,4301.0,10.0,87.52693939208984,125.99406433105467,144.4805532693863,302.9071170091629,388.00457525253296,1
1878.4278564453125,22.23193359375,326.9003601074219,4276.0,10.0,16.913890838623047,38.646554470062256,133.17068815231323,177.89257776737213,414.2937816977501,1
103.10369110107422,9.530261993408203,60.516563415527344,3814.0,10.0,29.88486099243164,43.298959732055664,47.603585720062256,123.854110121727,175.0934333205223,1
1188.5931396484375,22.47879409790039,16.856178283691406,4276.0,10.0,87.39673614501953,125.80645084381104,144.2682421207428,302.71954679489136,387.9936159849167,1
824.80224609375,34.837066650390625,14.096388816833496,4276.0,10.0,2.2510733604431152,47.052796840667725,152.7186541557312,228.9030062258244,343.7814611494541,0
1479.1109619140625,6.467817783355713,337.7099609375,3646.0,10.0,55.03766250610352,158.7408447265625,253.17875862121585,304.1047182381153,412.5669184923172,1
150.1710968017578,0.7048566341400146,254.039794921875,3849.0,30.0,197.3999938964844,250.19999408721927,434.9999952316284,661.5999957323074,991.1999970674516,0
1348.1041259765625,40.06525421142578,230.3091583251953,4276.0,30.0,0.0,0.0,0.0,0.0,0.0,0
951.1585083007812,29.486780166625977,242.83853149414065,4276.0,30.0,7.931365013122559,10.035632610321043,24.44988775253296,63.16153144836426,198.28455026447773,0
15.83862590789795,1.1417813301086426,74.04576873779297,3707.0,40.0,1.8110045194625848,8.85457968711853,41.84266114234924,127.14689779281616,331.74573335051537,0
87.43283081054688,2.55083966255188,134.9552764892578,3683.0,10.0,0.0,0.0,0.3949937522411346,279.13745191693306,455.44768242537975,0
3.665857553482056,0.3583042919635772,219.0392303466797,3707.0,40.0,43.72769165039063,70.8219108581543,85.01396608352661,117.9906362593174,528.7789534628391,0
130.6619873046875,42.779632568359375,9.507113456726074,3648.0,10.0,10.408920288085938,59.66008186340332,89.82553148269653,117.6149116754532,174.40075302124023,1
808.884521484375,13.356791496276855,321.1668701171875,4301.0,30.0,7.318839073181152,27.70831871032715,72.13346219062805,249.8127634525299,401.2326154410839,0
1131.0548095703125,7.089067935943604,275.1346130371094,4301.0,50.0,10.996254920959473,44.76665592193604,117.3556637763977,207.4058734178543,250.33468160778284,1
1652.687744140625,21.28356170654297,289.56378173828125,4301.0,10.0,11.168607711791992,43.91825199127197,121.6747362613678,186.7667142599821,310.59775230288506,1
44.13310241699219,0.0819706320762634,90.88290405273438,3707.0,40.0,0.0,0.0,15.356790065765384,16.044281542301178,640.3285107016563,1
50.44081878662109,0.93340265750885,174.85855102539062,7001.0,50.0,5.887123107910156,10.91177773475647,11.08467634022236,43.91005797684193,97.69404776394369,1
2313.17919921875,33.83184051513672,195.0094451904297,11864.0,10.0,21.937089920043945,36.74262571334839,52.57157325744629,102.66058707237244,216.8206247985363,0
10.670086860656738,0.0349622778594493,358.4231872558594,3707.0,90.0,0.7218905091285706,34.67006689310074,65.85049706697464,85.77658194303513,103.32034754753111,0
7.604248523712158,3.780470609664917,147.0795440673828,3707.0,10.0,0.0,0.0,0.0,0.0,0.0,0
906.4104614257812,36.349647521972656,163.21432495117188,4301.0,10.0,0.0,0.0,0.0,9.0,77.00000047683716,0
51.0084342956543,0.2605225741863251,313.6542053222656,3814.0,40.0,0.0,21.7790470123291,49.24043560028076,50.16956024616957,57.00904756039381,0
1656.855224609375,16.573923110961914,105.01715850830078,4276.0,50.0,35.56514358520508,59.66474294662476,70.18750858306885,157.77062702178955,284.57874359190464,1
37.724727630615234,4.965514183044434,332.6190795898437,3701.0,10.0,182.6837615966797,214.47818565368647,260.3883783817291,277.3929310441017,593.052706323564,1
2766.486572265625,18.40455436706543,249.53419494628903,3651.0,10.0,12.54176902770996,24.632782459259037,32.92425072193146,130.67340725660324,230.28686114400625,0
2026.71875,17.023874282836914,314.25048828125,11909.0,10.0,13.523138046264648,14.733835935592651,19.32856631278992,174.48975563049316,434.0925016403198,0
763.9928588867188,8.417471885681152,3.889544725418091,4301.0,50.0,0.0,67.60121250152588,84.50204518437386,224.9866338074208,417.291489392519,1
18.33708953857422,1.4922053813934326,57.316871643066406,3707.0,10.0,0.0,0.0,0.0,0.0,0.5519298017024994,0
1717.4874267578125,11.523119926452637,258.9540100097656,4276.0,30.0,0.0,18.91439390182495,33.29331022500992,89.19215831160545,297.03666266798973,1
65.9057846069336,21.113094329833984,76.24270629882812,3665.0,10.0,8.820014953613281,8.820014953613281,8.820014953613281,93.87268304824828,334.2410771846771,0
1602.304931640625,12.551457405090332,166.8797607421875,4301.0,10.0,2.8281381130218506,104.46429944038393,121.17784738540652,229.37720173597336,319.38906194269657,0
45.73312377929688,3.4420182704925537,266.9397888183594,3650.0,10.0,37.99363327026367,66.78778743743896,207.93553256988525,292.58227077126503,665.5797211825848,0
1269.4501953125,22.936723709106445,249.6097869873047,4301.0,10.0,0.0,0.0,0.0,0.0,0.0,0
60.55363464355469,9.54898452758789,329.901123046875,3701.0,10.0,188.93283081054688,228.1857442855835,271.43767860531807,285.5911333858967,532.4836724102497,1
70.45764923095703,9.555826187133787,140.6498260498047,3636.0,10.0,7.783111095428467,26.14196920394897,120.74687051773073,232.5770172998309,284.84556203335524,0
454.5387268066406,28.77771759033203,194.9974822998047,4301.0,10.0,2.186427593231201,101.82126569747923,113.17225587368011,176.10957449674606,264.66725324094296,1
2600.135009765625,37.43815612792969,31.15216445922852,11879.0,10.0,0.7373774647712708,25.26453334093094,62.717014133930206,142.73401993513107,290.4635527729988,0
722.4674072265625,32.52063751220703,345.74755859375,4276.0,10.0,0.0,27.65966796875,40.62927174568176,147.65579795837402,338.99631583690643,1
745.1949462890625,11.65878963470459,222.630111694336,3665.0,10.0,0.869986891746521,14.13400375843048,38.298818707466125,59.901217579841614,427.654578179121,0
1514.424072265625,15.54921531677246,92.20439910888672,4276.0,50.0,7.745830059051514,11.066836953163149,20.286609396338463,87.41001771390438,157.8685341924429,1
795.1814575195312,10.856196403503418,213.9329376220703,3646.0,30.0,16.688932418823242,29.72620248794556,41.19041609764099,130.61284382641315,313.4857256859541,1
3270.7197265625,38.57942581176758,345.0438232421875,11909.0,10.0,0.4621357321739197,50.210308492183685,156.92921060323715,233.8215735256672,542.8436180055141,0
1830.87841796875,22.86507034301757,86.37158966064453,4276.0,10.0,0.0,18.91439390182495,33.29331022500992,89.19215831160545,297.03666266798973,1
3523.580078125,3.187097549438477,286.8574523925781,3717.0,30.0,9.774760246276855,35.791534185409546,58.56629776954651,419.2523229122162,821.6442582607269,1
17.723207473754883,0.5171462893486023,97.62651824951172,3708.0,50.0,53.40251159667969,145.59080123901367,175.52205066382885,238.492841526866,248.6241449564696,1
792.7832641601562,22.155458450317383,189.84088134765625,3649.0,10.0,5.122844696044922,20.257301330566406,45.80871640145779,130.42677174508572,262.60431383550167,0
67.0,0.8970625996589661,270.0,3650.0,60.0,1.1844719648361206,5.138808250427246,29.37239384651184,96.32429844141006,187.62398387491703,0
1707.69775390625,41.30289459228516,251.609619140625,11839.0,10.0,10.914273262023926,30.71930265426636,33.717626452445984,105.8840789794922,180.2087441682816,0
1144.782470703125,31.05967903137207,33.65603256225586,4276.0,10.0,15.599119186401367,31.56414008140564,32.3807390332222,42.964746594429016,189.43210530281067,1
1739.1412353515625,38.89234161376953,331.67437744140625,4276.0,10.0,10.568632125854492,24.728277683258057,35.075182527303696,62.039582937955856,282.5516748130321,1
1276.3973388671875,19.963342666625977,337.19140625,3646.0,10.0,0.0,12.451897382736206,16.34803542494774,84.66502532362938,116.57366578280926,1
1452.3546142578125,8.285400390625,288.7970275878906,4276.0,60.0,12.883556365966797,26.04239857196808,41.32770700752735,114.10094447433949,237.6149046868086,1
1528.6558837890625,26.35123443603516,10.615458488464355,4276.0,10.0,19.046655654907227,38.311957359313965,69.36610317230225,175.20855033397677,370.97349494695663,1
771.6426391601562,0.2212255597114563,345.017333984375,4331.0,40.0,22.032684326171875,25.624216318130493,48.22605526447296,107.8642519712448,246.6343678832054,1
420.8411560058594,12.34167766571045,124.30184173583984,3814.0,10.0,0.0,0.0,28.29160690307617,428.0459380149841,474.12907284498215,0
157.36911010742188,15.139948844909668,303.218994140625,3665.0,10.0,4.265445232391357,64.31132936477661,188.5454740524292,257.86273950338364,417.3253348469734,0
987.0897827148438,13.632092475891112,26.70398712158203,4276.0,50.0,0.9411458373069764,11.051683127880096,32.96305713057518,42.360233932733536,93.5374058187008,1
680.9931640625,5.592322826385498,161.8843231201172,4276.0,50.0,11.359617233276367,29.32459115982056,115.74862051010132,201.1325685977936,313.9474723935127,1
576.326904296875,27.646631240844727,355.6628112792969,4276.0,10.0,37.55191421508789,72.33977699279785,133.1730318069458,133.1730318069458,149.7027199268341,1
1084.638427734375,31.212623596191406,59.15552520751953,3651.0,10.0,1.1261485815048218,14.026118129491808,72.74708566069603,116.0861546099186,1067.6631056964395,0
86.11954498291016,0.0842366814613342,4.577292442321777,3637.0,40.0,3.0241706371307373,3.640064179897308,4.221741378307343,5.413694798946381,19.334422051906586,0
9.020037651062012,0.268059492111206,72.70144653320312,3709.0,40.0,0.0,0.0,0.0,6.575514316558838,12.656368255615234,0
1290.4354248046875,20.956802368164062,228.30616760253903,4301.0,10.0,4.400000095367432,54.00000047683716,134.60000133514404,308.00000393390656,477.6000064611435,0
36.24539566040039,0.4652272164821625,147.54794311523438,3665.0,40.0,11.008291244506836,17.57067632675171,61.43090654909611,140.88974191248417,358.39164616167545,0
1534.9505615234375,29.56004524230957,126.68748474121094,4276.0,30.0,14.80260181427002,36.397499084472656,46.37282237410545,111.34195178747176,345.86844208836555,1
938.9389038085938,15.19566535949707,244.69113159179688,3662.0,10.0,2.1644363403320312,19.3848614692688,65.17903319001198,137.8069117963314,224.80677047371864,1
1248.3367919921875,20.4340934753418,313.0307922363281,4301.0,10.0,19.65703773498535,41.38637924194336,151.87174129486084,204.004568785429,388.4299704283476,1
3654.201171875,35.33028793334961,28.626440048217773,11879.0,10.0,0.8344939947128296,51.680803656578064,90.27763730287552,94.74468687176704,228.65026584267616,0
250.11050415039065,26.17989921569824,11.777572631835938,4282.0,10.0,19.3587589263916,36.15898942947388,71.5985746383667,122.15292298793791,282.67046213150024,0
694.5234985351562,16.726797103881836,28.643535614013672,4276.0,50.0,37.478614807128906,84.77340984344482,102.71471762657166,319.82457399368286,362.67039024829865,1
1564.9522705078125,39.47254180908203,197.12957763671875,11839.0,10.0,47.928958892822266,112.21266078948976,177.9118820130825,306.1220835149288,460.6959702670574,0
105.18836212158205,4.05989408493042,97.95015716552734,3683.0,10.0,10.715916633605955,18.27998423576355,19.61809384822845,81.54389959573746,236.18163830041885,0
19.470802307128903,3.1693685054779053,292.4977722167969,3709.0,10.0,31.30706787109375,88.10556602478027,122.85290026664734,375.5388102531433,611.7049090564251,0
1552.9932861328125,6.022054195404053,259.7967834472656,4276.0,10.0,10.568632125854492,24.728277683258057,35.075182527303696,62.039582937955856,282.5516748130321,1
2697.384765625,35.306297302246094,187.51719665527344,3651.0,10.0,13.572012901306152,14.115902587771416,35.580979093909264,116.40100978314877,245.72001492232084,0
1317.843994140625,8.921306610107422,317.4645080566406,4301.0,10.0,87.5999984741211,126.0999984741211,144.59999704360962,302.99999165534973,387.9999914318323,1
54.98982620239258,0.4108442962169647,257.7981872558594,3650.0,40.0,21.697229385375977,34.107515811920166,47.93376731872559,47.93376731872559,58.5316686630249,0
930.1307373046876,23.34025955200196,77.4193344116211,7001.0,50.0,10.891241073608398,40.28853797912598,63.73694133758545,228.87560510635376,402.4348909854889,1
901.6116943359376,23.47171974182129,296.99755859375,11790.0,10.0,1.0298036336898804,13.188239574432377,13.51005318760872,87.74487164616585,302.15214985609055,0
855.3560791015625,14.269756317138672,313.6541748046875,11839.0,10.0,16.71664047241211,41.3640193939209,60.66887378692627,123.18166464567184,281.23122572898865,0
762.8575439453125,17.920854568481445,34.35021209716797,4301.0,10.0,10.276330947875977,26.7875657081604,42.61375904083252,127.1022012233734,260.43650221824646,1
