dataset_source_dataset1,event_date_dataset1,event_title,location_description,landslide_trigger,latitude_standardized_dataset1,longitude_standardized_dataset1,date_compare,latitude_compare,longitude_compare,dataset_source_dataset2,event_date_dataset2,state,district,location_name,triggering_factor,latitude_standardized_dataset2,longitude_standardized_dataset2
India_Media_Catalog,8/7/2016 0:00,"Parmandal, Jammu","Parmandal, Jammu",continuous_rain,32.6987,75.0582,2016-08-07,32.699,75.058,LandslideGuard_Project_Master,2016-08-07,Kashmir,,"Parmandal, Jammu",continuous_rain,32.6987,75.0582
India_Media_Catalog,6/8/2016 22:00,"Srinagar-Leh highway in Shutkady near Sonamarg, Ganderbal district, Jammu and Kashmir, India","Srinagar-Leh highway in Shutkady near Sonamarg, Ganderbal district, Jammu and Kashmir, India",downpour,34.2952,75.3226,2016-06-08,34.295,75.323,LandslideGuard_Project_Master,2016-06-08,Kashmir,,"Srinagar-Leh highway in Shutkady near Sonamarg, Ganderbal district, Jammu and Kashmir, India",downpour,34.2952,75.3226
India_Media_Catalog,8/2/2016 22:30,"Malshej ghat, Maharashtra, India","Malshej ghat, Maharashtra, India",monsoon,19.3421,73.7735,2016-08-02,19.342,73.774,LandslideGuard_Project_Master,2016-08-02,Maharashtra,,"Malshej ghat, Maharashtra, India",monsoon,19.3421,73.7735
India_Media_Catalog,3/7/2016 0:00,Chhindwara,Chhindwara,unknown,22.1337,78.8979,2016-03-07,22.134,78.898,LandslideGuard_Project_Master,2016-03-07,Madhya Pradesh,,Chhindwara,unknown,22.1337,78.8979
India_Media_Catalog,6/28/2016 0:00,"PHC Cansaulim, Goa, India","PHC Cansaulim, Goa, India",downpour,15.3455,73.8976,2016-06-28,15.346,73.898,LandslideGuard_Project_Master,2016-06-28,Goa,,"PHC Cansaulim, Goa, India",downpour,15.3455,73.8976
India_Media_Catalog,4/19/2016 0:00,"Techahan Ward, Mon, Nagaland, India","Techahan Ward, Mon, Nagaland, India",continuous_rain,26.7223,95.0243,2016-04-19,26.722,95.024,LandslideGuard_Project_Master,2016-04-19,Nagaland,,"Techahan Ward, Mon, Nagaland, India",continuous_rain,26.7223,95.0243
India_Media_Catalog,6/30/2016 22:00,"Didihat, Uttarakhand, India","Didihat, Uttarakhand, India",monsoon,29.8002,80.2565,2016-06-30,29.8,80.256,LandslideGuard_Project_Master,2016-06-30,Uttarakhand,,"Didihat, Uttarakhand, India",monsoon,29.8002,80.2565
India_Media_Catalog,7/18/2016 0:00,"Gangotri Highway near Helgugad, Uttarkashi, Uttarakhand, India","Gangotri Highway near Helgugad, Uttarkashi, Uttarakhand, India",rain,30.7313,78.4358,2016-07-18,30.731,78.436,LandslideGuard_Project_Master,2016-07-18,Uttarakhand,,"Gangotri Highway near Helgugad, Uttarkashi, Uttarakhand, India",rain,30.7313,78.4358
India_Media_Catalog,6/12/2016 23:00,"NH 13 10 kilometers from Old Ziro, Arunachal Pradesh, India","NH 13 10 kilometers from Old Ziro, Arunachal Pradesh, India",downpour,27.6438,93.871,2016-06-12,27.644,93.871,LandslideGuard_Project_Master,2016-06-12,Arunachal Pradesh,,"NH 13 10 kilometers from Old Ziro, Arunachal Pradesh, India",downpour,27.6438,93.871
India_Media_Catalog,6/18/2016 0:00,"main road between Gulem and Loliem and Cotigao, at Baddem, Goa, India","main road between Gulem and Loliem and Cotigao, at Baddem, Goa, India",downpour,15.0275,74.1623,2016-06-18,15.028,74.162,LandslideGuard_Project_Master,2016-06-18,Goa,,"main road between Gulem and Loliem and Cotigao, at Baddem, Goa, India",downpour,15.0275,74.1623
India_Media_Catalog,8/7/2016 0:00,Kathua,Kathua,continuous_rain,32.4298,75.5807,2016-08-07,32.43,75.581,LandslideGuard_Project_Master,2016-08-07,Kashmir,,Kathua,continuous_rain,32.4298,75.5807
India_Media_Catalog,8/7/2016 0:00,Doda-Kishtwar road,Doda-Kishtwar road,continuous_rain,33.1457,75.7964,2016-08-07,33.146,75.796,LandslideGuard_Project_Master,2016-08-07,Kashmir,,Doda-Kishtwar road,continuous_rain,33.1457,75.7964
India_Media_Catalog,7/4/2016 8:00,"Kallarakodi, Ullal, India","Kallarakodi, Ullal, India",unknown,12.8041,74.8678,2016-07-04,12.804,74.868,LandslideGuard_Project_Master,2016-07-04,Karnataka,,"Kallarakodi, Ullal, India",unknown,12.8041,74.8678
India_Media_Catalog,7/19/2016 9:00,"12th Mile area at Jorabat, Meghalaya, India","12th Mile area at Jorabat, Meghalaya, India",unknown,26.09748244,91.8744337,2016-07-19,26.097,91.874,LandslideGuard_Project_Master,2016-07-19,Meghalaya,,"12th Mile area at Jorabat, Meghalaya, India",unknown,26.09748244,91.8744337
India_Media_Catalog,10/12/2016 0:00,Mirik,Mirik,downpour,26.8861,88.1704,2016-10-12,26.886,88.17,LandslideGuard_Project_Master,2016-10-12,West Bengal,,Mirik,downpour,26.8861,88.1704
India_Media_Catalog,7/16/2016 15:00,"Mussoorie-Tehri bypass, near Landour, Uttarakhand, India","Mussoorie-Tehri bypass, near Landour, Uttarakhand, India",downpour,30.4554,78.0973,2016-07-16,30.455,78.097,LandslideGuard_Project_Master,2016-07-16,Uttarakhand,,"Mussoorie-Tehri bypass, near Landour, Uttarakhand, India",downpour,30.4554,78.0973
India_Media_Catalog,6/12/2016 0:00,"on road between Mon and Tobu near Telangsao Hydro project , Nagaland, India","on road between Mon and Tobu near Telangsao Hydro project , Nagaland, India",continuous_rain,26.1677,94.2442,2016-06-12,26.168,94.244,LandslideGuard_Project_Master,2016-06-12,Nagaland,,"on road between Mon and Tobu near Telangsao Hydro project , Nagaland, India",continuous_rain,26.1677,94.2442
India_Media_Catalog,6/17/2016 0:00,"Urni, Satluj river, Kinnaur district, Himachal Pradesh, India","Urni, Satluj river, Kinnaur district, Himachal Pradesh, India",monsoon,31.5124,78.1181,2016-06-17,31.512,78.118,LandslideGuard_Project_Master,2016-06-17,Himachal Pradesh,,"Urni, Satluj river, Kinnaur district, Himachal Pradesh, India",monsoon,31.5124,78.1181
India_Media_Catalog,6/24/2016 23:00,"Maya Bar, Thokkottu, India","Maya Bar, Thokkottu, India",downpour,12.8157,74.8586,2016-06-24,12.816,74.859,LandslideGuard_Project_Master,2016-06-24,Karnataka,,"Maya Bar, Thokkottu, India",downpour,12.8157,74.8586
India_Media_Catalog,7/26/2016 23:00,"Finchaytaar, Lodhoma, Darjeeling, India","Finchaytaar, Lodhoma, Darjeeling, India",downpour,27.1027,88.1218,2016-07-26,27.103,88.122,LandslideGuard_Project_Master,2016-07-26,West Bengal,,"Finchaytaar, Lodhoma, Darjeeling, India",downpour,27.1027,88.1218
India_Media_Catalog,5/18/2016 8:00,"Bilaipur, Hailakandi district, Assam, India","Bilaipur, Hailakandi district, Assam, India",continuous_rain,24.5202,92.7239,2016-05-18,24.52,92.724,LandslideGuard_Project_Master,2016-05-18,Assam,,"Bilaipur, Hailakandi district, Assam, India",continuous_rain,24.5202,92.7239
India_Media_Catalog,5/9/2016 12:10,".5 km away from Valparai Police Station at a construction site, Valparai, Tamil Nadu, India",".5 km away from Valparai Police Station at a construction site, Valparai, Tamil Nadu, India",construction,10.3316,76.9592,2016-05-09,10.332,76.959,LandslideGuard_Project_Master,2016-05-09,Tamil Nadu,,".5 km away from Valparai Police Station at a construction site, Valparai, Tamil Nadu, India",construction,10.3316,76.9592
India_Media_Catalog,7/31/2016 11:00,"Parsik/ Nutan Tunnel on Central rail, near Diva, Mumbai, India","Parsik/ Nutan Tunnel on Central rail, near Diva, Mumbai, India",downpour,19.1869,73.02,2016-07-31,19.187,73.02,LandslideGuard_Project_Master,2016-07-31,Maharashtra,,"Parsik/ Nutan Tunnel on Central rail, near Diva, Mumbai, India",downpour,19.1869,73.02
India_Media_Catalog,8/4/2016 0:00,Valley of Flowers near Badrinath,Valley of Flowers near Badrinath,continuous_rain,30.7386,79.4954,2016-08-04,30.739,79.495,LandslideGuard_Project_Master,2016-08-04,Uttarakhand,,Valley of Flowers near Badrinath,continuous_rain,30.7386,79.4954
India_Media_Catalog,7/31/2016 0:00,"Janki Chatti, Uttarakhand, India","Janki Chatti, Uttarakhand, India",continuous_rain,30.9753,78.4375,2016-07-31,30.975,78.438,LandslideGuard_Project_Master,2016-07-31,Uttarakhand,,"Janki Chatti, Uttarakhand, India",continuous_rain,30.9753,78.4375
India_Media_Catalog,7/31/2016 0:00,"NH 5 near Rampur, Uttar Pradesh, India","NH 5 near Rampur, Uttar Pradesh, India",rain,25.4941,82.5725,2016-07-31,25.494,82.572,LandslideGuard_Project_Master,2016-07-31,Uttar Pradesh,,"NH 5 near Rampur, Uttar Pradesh, India",rain,25.4941,82.5725
India_Media_Catalog,7/19/2016 0:00,"Rongthragittim Songittal village, near Sibbari, South Garo Hills District, Meghalaya, India","Rongthragittim Songittal village, near Sibbari, South Garo Hills District, Meghalaya, India",continuous_rain,25.203,90.5573,2016-07-19,25.203,90.557,LandslideGuard_Project_Master,2016-07-19,Meghalaya,,"Rongthragittim Songittal village, near Sibbari, South Garo Hills District, Meghalaya, India",continuous_rain,25.203,90.5573
India_Media_Catalog,5/18/2016 8:00,"Sonachirra, Karimganj district, Assam, India","Sonachirra, Karimganj district, Assam, India",continuous_rain,24.4638,92.4943,2016-05-18,24.464,92.494,LandslideGuard_Project_Master,2016-05-18,Assam,,"Sonachirra, Karimganj district, Assam, India",continuous_rain,24.4638,92.4943
India_Media_Catalog,7/10/2016 0:00,"National Highway 2, near Kohima, Nagaland, India","National Highway 2, near Kohima, Nagaland, India",downpour,25.7902,94.1318,2016-07-10,25.79,94.132,LandslideGuard_Project_Master,2016-07-10,Nagaland,,"National Highway 2, near Kohima, Nagaland, India",downpour,25.7902,94.1318
India_Media_Catalog,7/11/2016 23:00,"North Point Colony, Akuluto, Nagaland, India","North Point Colony, Akuluto, Nagaland, India",unknown,26.1699,94.4922,2016-07-11,26.17,94.492,LandslideGuard_Project_Master,2016-07-11,Nagaland,,"North Point Colony, Akuluto, Nagaland, India",unknown,26.1699,94.4922
India_Media_Catalog,7/25/2016 12:30,"Imphal-Dimapur road  in Tadubi, Senapati district, Manipur, India","Imphal-Dimapur road  in Tadubi, Senapati district, Manipur, India",continuous_rain,25.48,94.1383,2016-07-25,25.48,94.138,LandslideGuard_Project_Master,2016-07-25,Manipur,,"Imphal-Dimapur road in Tadubi, Senapati district, Manipur, India",continuous_rain,25.48,94.1383
India_Media_Catalog,6/2/2016 2:00,Gunadala hill of Vijayawada,Gunadala hill of Vijayawada,downpour,16.5145,80.6526,2016-06-02,16.514,80.653,LandslideGuard_Project_Master,2016-06-02,Andhra Pradesh,,Gunadala hill of Vijayawada,downpour,16.5145,80.6526
India_Media_Catalog,7/7/2016 0:00,"Imphal-Ukhrul sector of National Highway 102, Manipur, India","Imphal-Ukhrul sector of National Highway 102, Manipur, India",monsoon,25.0118,94.3136,2016-07-07,25.012,94.314,LandslideGuard_Project_Master,2016-07-07,Manipur,,"Imphal-Ukhrul sector of National Highway 102, Manipur, India",monsoon,25.0118,94.3136
India_Media_Catalog,8/5/2016 0:00,"Banganga-Ardhkuwari road, enroute to he cave shrine of Mata Vaishnodevi in Jammu and Kashmir’s Reasi district","Banganga-Ardhkuwari road, enroute to he cave shrine of Mata Vaishnodevi in Jammu and Kashmir’s Reasi district",downpour,33.0068,74.9455,2016-08-05,33.007,74.946,LandslideGuard_Project_Master,2016-08-05,Kashmir,,"Banganga-Ardhkuwari road, enroute to he cave shrine of Mata Vaishnodevi in Jammu and Kashmir’s Reasi district",downpour,33.0068,74.9455
India_Media_Catalog,5/20/2016 1:10,"Eraniel station,  Kanyakumari district, India","Eraniel station,  Kanyakumari district, India",unknown,8.2117,77.312,2016-05-20,8.212,77.312,LandslideGuard_Project_Master,2016-05-20,Tamil Nadu,,"Eraniel station, Kanyakumari district, India",unknown,8.2117,77.312
India_Media_Catalog,7/12/2016 0:00,"Gaunsawaddo, Mapusa, Goa, India","Gaunsawaddo, Mapusa, Goa, India",monsoon,15.6019,73.8093,2016-07-12,15.602,73.809,LandslideGuard_Project_Master,2016-07-12,Goa,,"Gaunsawaddo, Mapusa, Goa, India",monsoon,15.6019,73.8093
India_Media_Catalog,7/7/2016 0:00,"Kamrup district, Assam, India","Kamrup district, Assam, India",continuous_rain,25.9611,91.3681,2016-07-07,25.961,91.368,LandslideGuard_Project_Master,2016-07-07,Assam,,"Kamrup district, Assam, India",continuous_rain,25.9611,91.3681
India_Media_Catalog,8/7/2016 0:00,Reasi,Reasi,continuous_rain,33.0716,74.839,2016-08-07,33.072,74.839,LandslideGuard_Project_Master,2016-08-07,Kashmir,,Reasi,continuous_rain,33.0716,74.839
India_Media_Catalog,7/31/2016 23:00,"Hanogi on the Mandi-Kullu National Highway (NH-21), Himachal Pradesh, India","Hanogi on the Mandi-Kullu National Highway (NH-21), Himachal Pradesh, India",rain,31.6865,77.1043,2016-07-31,31.686,77.104,LandslideGuard_Project_Master,2016-07-31,Himachal Pradesh,,"Hanogi on the Mandi-Kullu National Highway (NH-21), Himachal Pradesh, India",rain,31.6865,77.1043
India_Media_Catalog,10/4/2016 0:00,Mahakali river at Bangabagad,Mahakali river at Bangabagad,unknown,29.8521,80.553,2016-10-04,29.852,80.553,LandslideGuard_Project_Master,2016-10-04,Uttarakhand,,Mahakali river at Bangabagad,unknown,29.8521,80.553
India_Media_Catalog,6/5/2016 23:00,"Kakolat Falls, Rajauli Sub-division, India","Kakolat Falls, Rajauli Sub-division, India",downpour,24.6997,85.6285,2016-06-05,24.7,85.628,LandslideGuard_Project_Master,2016-06-05,Bihar,,"Kakolat Falls, Rajauli Sub-division, India",downpour,24.6997,85.6285
India_Media_Catalog,7/28/2016 23:00,"Government Middle School (GMS) Kiphire station “B”, Kiphire, Nagaland, India","Government Middle School (GMS) Kiphire station “B”, Kiphire, Nagaland, India",downpour,25.8702,94.7844,2016-07-28,25.87,94.784,LandslideGuard_Project_Master,2016-07-28,Nagaland,,"Government Middle School (GMS) Kiphire station “B”, Kiphire, Nagaland, India",downpour,25.8702,94.7844
India_Media_Catalog,5/1/2016 0:00,"Hayuliang, Anjaw district,Arunachal Pradesh, India","Hayuliang, Anjaw district,Arunachal Pradesh, India",downpour,28.0822,96.5316,2016-05-01,28.082,96.532,LandslideGuard_Project_Master,2016-05-01,Arunachal Pradesh,,"Hayuliang, Anjaw district,Arunachal Pradesh, India",downpour,28.0822,96.5316
India_Media_Catalog,7/14/2016 0:00,"Noonmati Nijarapar area of the city, Guwahati, Assam, India","Noonmati Nijarapar area of the city, Guwahati, Assam, India",monsoon,26.1963,91.8074,2016-07-14,26.196,91.807,LandslideGuard_Project_Master,2016-07-14,Assam,,"Noonmati Nijarapar area of the city, Guwahati, Assam, India",monsoon,26.1963,91.8074
India_Media_Catalog,5/23/2016 1:00,"Chakrata, Uttarakhand, India","Chakrata, Uttarakhand, India",rain,30.7007,77.8644,2016-05-23,30.701,77.864,LandslideGuard_Project_Master,2016-05-23,Uttarakhand,,"Chakrata, Uttarakhand, India",rain,30.7007,77.8644
India_Media_Catalog,7/2/2016 8:00,"43 km-point on Mughal Road, Poonch district, Jammu and Kashmir, India","43 km-point on Mughal Road, Poonch district, Jammu and Kashmir, India",unknown,33.6296,74.5264,2016-07-02,33.63,74.526,LandslideGuard_Project_Master,2016-07-02,Kashmir,,"43 km-point on Mughal Road, Poonch district, Jammu and Kashmir, India",unknown,33.6296,74.5264
India_Media_Catalog,8/7/2016 0:00,"Sheroora-Subardhar village,15 Km from Bhadarwah town","Sheroora-Subardhar village,15 Km from Bhadarwah town",continuous_rain,32.9834,75.6953,2016-08-07,32.983,75.695,LandslideGuard_Project_Master,2016-08-07,Kashmir,,"Sheroora-Subardhar village,15 Km from Bhadarwah town",continuous_rain,32.9834,75.6953
India_Media_Catalog,10/11/2016 3:30,NH 66 at Mudaga,NH 66 at Mudaga,downpour,14.8009,74.118,2016-10-11,14.801,74.118,LandslideGuard_Project_Master,2016-10-11,Karnataka,,NH 66 at Mudaga,downpour,14.8009,74.118
India_Media_Catalog,6/26/2016 0:00,"Raigad Fort, Raigad Fort Natural Reserve, Maharashtra, India","Raigad Fort, Raigad Fort Natural Reserve, Maharashtra, India",rain,18.241,73.4469,2016-06-26,18.241,73.447,LandslideGuard_Project_Master,2016-06-26,Maharashtra,,"Raigad Fort, Raigad Fort Natural Reserve, Maharashtra, India",rain,18.241,73.4469
India_Media_Catalog,6/23/2016 9:00,"Vollant, Vasco, behind the KTC bus stand, Goa, India","Vollant, Vasco, behind the KTC bus stand, Goa, India",downpour,15.3739,73.8911,2016-06-23,15.374,73.891,LandslideGuard_Project_Master,2016-06-23,Goa,,"Vollant, Vasco, behind the KTC bus stand, Goa, India",downpour,15.3739,73.8911
India_Media_Catalog,5/22/2016 15:00,"Chetra Village, Dehradun, India","Chetra Village, Dehradun, India",rain,30.306,78.0648,2016-05-22,30.306,78.065,LandslideGuard_Project_Master,2016-05-22,Uttarakhand,,"Chetra Village, Dehradun, India",rain,30.306,78.0648
India_Media_Catalog,7/17/2016 0:00,"Narendranagar bypass on the Rishikesh-Gangotri national highway,Tehri Garhwal district, Uttarakhand, India","Narendranagar bypass on the Rishikesh-Gangotri national highway,Tehri Garhwal district, Uttarakhand, India",downpour,30.1642,78.2936,2016-07-17,30.164,78.294,LandslideGuard_Project_Master,2016-07-17,Uttarakhand,,"Narendranagar bypass on the Rishikesh-Gangotri national highway,Tehri Garhwal district, Uttarakhand, India",downpour,30.1642,78.2936
India_Media_Catalog,10/15/2016 0:00,Kalijhora,Kalijhora,downpour,26.9343,88.4486,2016-10-15,26.934,88.449,LandslideGuard_Project_Master,2016-10-15,West Bengal,,Kalijhora,downpour,26.9343,88.4486
India_Media_Catalog,10/15/2016 0:00,Zero near Kurseong,Zero near Kurseong,unknown,26.888,88.2796,2016-10-15,26.888,88.28,LandslideGuard_Project_Master,2016-10-15,West Bengal,,Zero near Kurseong,unknown,26.888,88.2796
India_Media_Catalog,8/3/2016 9:00,"Lavasa near Ekaant Hotel Resort in Davse, Pune District, India","Lavasa near Ekaant Hotel Resort in Davse, Pune District, India",downpour,18.3978,73.5086,2016-08-03,18.398,73.509,LandslideGuard_Project_Master,2016-08-03,Maharashtra,,"Lavasa near Ekaant Hotel Resort in Davse, Pune District, India",downpour,18.3978,73.5086
India_Media_Catalog,7/20/2016 0:00,"Rimbik, Darjeeling, West Bengal state, India","Rimbik, Darjeeling, West Bengal state, India",downpour,27.1176,88.1069,2016-07-20,27.118,88.107,LandslideGuard_Project_Master,2016-07-20,West Bengal,,"Rimbik, Darjeeling, West Bengal state, India",downpour,27.1176,88.1069
India_Media_Catalog,6/14/2016 8:00,"lower Majakong Ward, Mokokchung, Nagaland, India","lower Majakong Ward, Mokokchung, Nagaland, India",continuous_rain,26.3185,94.5247,2016-06-14,26.318,94.525,LandslideGuard_Project_Master,2016-06-14,Nagaland,,"lower Majakong Ward, Mokokchung, Nagaland, India",continuous_rain,26.3185,94.5247
India_Media_Catalog,6/21/2016 0:00,"Jammu-Srinagar national highway at Samroli, India","Jammu-Srinagar national highway at Samroli, India",downpour,32.99,75.1892,2016-06-21,32.99,75.189,LandslideGuard_Project_Master,2016-06-21,Kashmir,,"Jammu-Srinagar national highway at Samroli, India",downpour,32.99,75.1892
India_Media_Catalog,7/17/2016 9:00,"Railway tunnel a few kilometres from the Haridwar railway station, between Haridwar and Dehradun, Uttarakhand, India","Railway tunnel a few kilometres from the Haridwar railway station, between Haridwar and Dehradun, Uttarakhand, India",downpour,29.9551,78.1677,2016-07-17,29.955,78.168,LandslideGuard_Project_Master,2016-07-17,Uttarakhand,,"Railway tunnel a few kilometres from the Haridwar railway station, between Haridwar and Dehradun, Uttarakhand, India",downpour,29.9551,78.1677
India_Media_Catalog,10/3/2016 11:00,"Chakki-Ka-Mor, about 10 km from Parwanoo","Chakki-Ka-Mor, about 10 km from Parwanoo",construction,30.8974,77.0588,2016-10-03,30.897,77.059,LandslideGuard_Project_Master,2016-10-03,Himachal Pradesh,,"Chakki-Ka-Mor, about 10 km from Parwanoo",construction,30.8974,77.0588
India_Media_Catalog,6/22/2016 12:00,"Piyali Phukan Nagar, Guwahati, India","Piyali Phukan Nagar, Guwahati, India",downpour,26.1961,91.7825,2016-06-22,26.196,91.782,LandslideGuard_Project_Master,2016-06-22,Assam,,"Piyali Phukan Nagar, Guwahati, India",downpour,26.1961,91.7825
India_Media_Catalog,1/14/2016 5:15,NH10 in Rangpo,NH10 in Rangpo,unknown,27.1758,88.5294,2016-01-14,27.176,88.529,LandslideGuard_Project_Master,2016-01-14,West Bengal,,NH10 in Rangpo,unknown,27.1758,88.5294
India_Media_Catalog,10/15/2016 0:00,Rangpo,Rangpo,downpour,27.172,88.5292,2016-10-15,27.172,88.529,LandslideGuard_Project_Master,2016-10-15,Sikkim,,Rangpo,downpour,27.172,88.5292
India_Media_Catalog,8/29/2016 23:00,NH-05 near Chaura village,NH-05 near Chaura village,continuous_rain,31.5728,77.8561,2016-08-29,31.573,77.856,LandslideGuard_Project_Master,2016-08-29,Himachal Pradesh,,NH-05 near Chaura village,continuous_rain,31.5728,77.8561
India_Media_Catalog,4/4/2016 0:00,Hanjishat village in Handwara area of Kupwara district,Hanjishat village in Handwara area of Kupwara district,continuous_rain,34.4002,74.2798,2016-04-04,34.4,74.28,LandslideGuard_Project_Master,2016-04-04,Kashmir,,Hanjishat village in Handwara area of Kupwara district,continuous_rain,34.4002,74.2798
India_Media_Catalog,6/21/2016 9:00,"Parsik Tunnel between Thane and Kalyan railway stations, India","Parsik Tunnel between Thane and Kalyan railway stations, India",downpour,19.19,73.009,2016-06-21,19.19,73.009,LandslideGuard_Project_Master,2016-06-21,Maharashtra,,"Parsik Tunnel between Thane and Kalyan railway stations, India",downpour,19.19,73.009
India_Media_Catalog,5/18/2016 8:00,"Bilaipur, Hailakandi district, Assam, India","Bilaipur, Hailakandi district, Assam, India",continuous_rain,24.5204,92.7264,2016-05-18,24.52,92.726,LandslideGuard_Project_Master,2016-05-18,Assam,,"Bilaipur, Hailakandi district, Assam, India",continuous_rain,24.5204,92.7264
India_Media_Catalog,7/1/2016 0:00,"Old Inspection Bungalow, Bhalukpong town, West Kameng, Arunachal Pradesh, India","Old Inspection Bungalow, Bhalukpong town, West Kameng, Arunachal Pradesh, India",downpour,27.0136,92.6351,2016-07-01,27.014,92.635,LandslideGuard_Project_Master,2016-07-01,Arunachal Pradesh,,"Old Inspection Bungalow, Bhalukpong town, West Kameng, Arunachal Pradesh, India",downpour,27.0136,92.6351
India_Media_Catalog,7/23/2016 23:00,"road leading to Patala Ganga and the ropeway in Srisailam, Andhra Pradesh, India","road leading to Patala Ganga and the ropeway in Srisailam, Andhra Pradesh, India",downpour,16.0781,78.8743,2016-07-23,16.078,78.874,LandslideGuard_Project_Master,2016-07-23,Andhra Pradesh,,"road leading to Patala Ganga and the ropeway in Srisailam, Andhra Pradesh, India",downpour,16.0781,78.8743
India_Media_Catalog,7/17/2016 0:00,"Karcham, Himachal Pradesh, India","Karcham, Himachal Pradesh, India",unknown,31.5007,78.1758,2016-07-17,31.501,78.176,LandslideGuard_Project_Master,2016-07-17,Himachal Pradesh,,"Karcham, Himachal Pradesh, India",unknown,31.5007,78.1758
India_Media_Catalog,4/22/2016 2:30,"Tawang, Arunachal Pradesh","Tawang, Arunachal Pradesh",continuous_rain,27.5799,91.8569,2016-04-22,27.58,91.857,LandslideGuard_Project_Master,2016-04-22,Arunachal Pradesh,,"Tawang, Arunachal Pradesh",continuous_rain,27.5799,91.8569
India_Media_Catalog,8/5/2016 0:00,Babrang village under Jang circle in Tawang district,Babrang village under Jang circle in Tawang district,downpour,27.5754,91.9754,2016-08-05,27.575,91.975,LandslideGuard_Project_Master,2016-08-05,Arunachal Pradesh,,Babrang village under Jang circle in Tawang district,downpour,27.5754,91.9754
India_Media_Catalog,7/16/2016 15:00,"Kulashekara-Konguru Mutt Road (Kongoor Mutt Road) near Mangaluru Junction-Panambur Railway line, near Mangaluru, India","Kulashekara-Konguru Mutt Road (Kongoor Mutt Road) near Mangaluru Junction-Panambur Railway line, near Mangaluru, India",construction,12.8962,74.8859,2016-07-16,12.896,74.886,LandslideGuard_Project_Master,2016-07-16,Karnataka,,"Kulashekara-Konguru Mutt Road (Kongoor Mutt Road) near Mangaluru Junction-Panambur Railway line, near Mangaluru, India",construction,12.8962,74.8859
India_Media_Catalog,7/14/2016 0:00,"Pub Sarania hill, South Sarania, Guwahati, Assam, India","Pub Sarania hill, South Sarania, Guwahati, Assam, India",monsoon,26.1768,91.7702,2016-07-14,26.177,91.77,LandslideGuard_Project_Master,2016-07-14,Assam,,"Pub Sarania hill, South Sarania, Guwahati, Assam, India",monsoon,26.1768,91.7702
India_Media_Catalog,7/13/2016 23:00,"Chandanpur village, Maharajpur, Kanpur, India","Chandanpur village, Maharajpur, Kanpur, India",monsoon,26.3221,80.4703,2016-07-13,26.322,80.47,LandslideGuard_Project_Master,2016-07-13,Uttar Pradesh,,"Chandanpur village, Maharajpur, Kanpur, India",monsoon,26.3221,80.4703
India_Media_Catalog,4/13/2016 13:00,a construction site on Tiger Hill Road,a construction site on Tiger Hill Road,construction,11.3464,76.8076,2016-04-13,11.346,76.808,LandslideGuard_Project_Master,2016-04-13,Tamil Nadu,,a construction site on Tiger Hill Road,construction,11.3464,76.8076
India_Media_Catalog,7/10/2016 8:30,"Ahmednagar-Thane Road , Malshej Ghat, Maharashtra, India","Ahmednagar-Thane Road , Malshej Ghat, Maharashtra, India",unknown,19.34,73.7746,2016-07-10,19.34,73.775,LandslideGuard_Project_Master,2016-07-10,Maharashtra,,"Ahmednagar-Thane Road , Malshej Ghat, Maharashtra, India",unknown,19.34,73.7746
India_Media_Catalog,3/26/2016 0:00,Jammu-Srinagar national highway,Jammu-Srinagar national highway,continuous_rain,33.04965334,75.29048614,2016-03-26,33.05,75.29,LandslideGuard_Project_Master,2016-03-26,Kashmir,,Jammu-Srinagar national highway,continuous_rain,33.04965334,75.29048614
India_Media_Catalog,10/15/2016 0:00,Namchi,Namchi,rain,27.1695,88.3664,2016-10-15,27.17,88.366,LandslideGuard_Project_Master,2016-10-15,Sikkim,,Namchi,rain,27.1695,88.3664
India_Media_Catalog,7/28/2016 23:00,"Ngur, near Mizoram-Myanmar border, India","Ngur, near Mizoram-Myanmar border, India",continuous_rain,23.5397,93.3783,2016-07-28,23.54,93.378,LandslideGuard_Project_Master,2016-07-28,Mizoram,,"Ngur, near Mizoram-Myanmar border, India",continuous_rain,23.5397,93.3783
India_Media_Catalog,10/17/2016 7:00,Ferozeguda,Ferozeguda,construction,17.4655,78.4606,2016-10-17,17.466,78.461,LandslideGuard_Project_Master,2016-10-17,Telangana,,Ferozeguda,construction,17.4655,78.4606
India_Media_Catalog,7/26/2016 23:00,"Zunheboto, Nagaland, India","Zunheboto, Nagaland, India",downpour,26.0101,94.5282,2016-07-26,26.01,94.528,LandslideGuard_Project_Master,2016-07-26,Nagaland,,"Zunheboto, Nagaland, India",downpour,26.0101,94.5282
India_Media_Catalog,7/16/2016 0:00,"Mathyali village, Jakhnidhar, Uttarakhand, India","Mathyali village, Jakhnidhar, Uttarakhand, India",rain,30.3351,78.5113,2016-07-16,30.335,78.511,LandslideGuard_Project_Master,2016-07-16,Uttarakhand,,"Mathyali village, Jakhnidhar, Uttarakhand, India",rain,30.3351,78.5113
India_Media_Catalog,7/28/2016 0:00,"Dolma Lhakang complex, Lumla, Tawang,  Arunachal Pradesh, India","Dolma Lhakang complex, Lumla, Tawang,  Arunachal Pradesh, India",monsoon,27.5748,91.8644,2016-07-28,27.575,91.864,LandslideGuard_Project_Master,2016-07-28,Arunachal Pradesh,,"Dolma Lhakang complex, Lumla, Tawang, Arunachal Pradesh, India",monsoon,27.5748,91.8644
India_Media_Catalog,8/7/2016 3:00,Kheri near Udhampur,Kheri near Udhampur,continuous_rain,32.9041,75.0911,2016-08-07,32.904,75.091,LandslideGuard_Project_Master,2016-08-07,Kashmir,,Kheri near Udhampur,continuous_rain,32.9041,75.0911
India_Media_Catalog,7/26/2016 23:00,"Jwagdhar village, Sangrah, Sirmaur district, Himachal Pradesh, India","Jwagdhar village, Sangrah, Sirmaur district, Himachal Pradesh, India",downpour,30.6935,77.4266,2016-07-26,30.694,77.427,LandslideGuard_Project_Master,2016-07-26,Himachal Pradesh,,"Jwagdhar village, Sangrah, Sirmaur district, Himachal Pradesh, India",downpour,30.6935,77.4266
India_Media_Catalog,10/12/2016 0:00,between Siliguri and Sevak,between Siliguri and Sevak,downpour,26.8692,88.4695,2016-10-12,26.869,88.47,LandslideGuard_Project_Master,2016-10-12,West Bengal,,between Siliguri and Sevak,downpour,26.8692,88.4695
India_Media_Catalog,7/3/2016 22:00,"Malshej ghat, Maharashtra, India","Malshej ghat, Maharashtra, India",monsoon,19.336,73.7793,2016-07-03,19.336,73.779,LandslideGuard_Project_Master,2016-07-03,Maharashtra,,"Malshej ghat, Maharashtra, India",monsoon,19.336,73.7793
India_Media_Catalog,8/7/2016 0:00,"Seri, Ramban","Seri, Ramban",downpour,33.2483,75.2131,2016-08-07,33.248,75.213,LandslideGuard_Project_Master,2016-08-07,Kashmir,,"Seri, Ramban",downpour,33.2483,75.2131
India_Media_Catalog,7/21/2016 9:00,"NH 10 between Coronation Bridge and Sevoke Kalibari, West Bengal, India","NH 10 between Coronation Bridge and Sevoke Kalibari, West Bengal, India",rain,26.9015,88.4719,2016-07-21,26.902,88.472,LandslideGuard_Project_Master,2016-07-21,West Bengal,,"NH 10 between Coronation Bridge and Sevoke Kalibari, West Bengal, India",rain,26.9015,88.4719
India_Media_Catalog,6/26/2016 0:00,"Goddess Nijabankeswari Temple, Digapahandi, Ganjam district, Odisha, India","Goddess Nijabankeswari Temple, Digapahandi, Ganjam district, Odisha, India",downpour,19.3805,84.5699,2016-06-26,19.38,84.57,LandslideGuard_Project_Master,2016-06-26,Odisha,,"Goddess Nijabankeswari Temple, Digapahandi, Ganjam district, Odisha, India",downpour,19.3805,84.5699
India_Media_Catalog,7/7/2016 0:00,"Blue Metal Quarry, Kondayanpatti, Madurai District, India","Blue Metal Quarry, Kondayanpatti, Madurai District, India",mining,10.0545,78.0298,2016-07-07,10.054,78.03,LandslideGuard_Project_Master,2016-07-07,Tamil Nadu,,"Blue Metal Quarry, Kondayanpatti, Madurai District, India",mining,10.0545,78.0298
India_Media_Catalog,6/15/2016 9:00,"Vazhavara, Idukki, Kerala, India","Vazhavara, Idukki, Kerala, India",downpour,9.7967,77.0611,2016-06-15,9.797,77.061,LandslideGuard_Project_Master,2016-06-15,Kerala,,"Vazhavara, Idukki, Kerala, India",downpour,9.7967,77.0611
India_Media_Catalog,7/16/2016 0:00,"Hoj-Potin Highway, Arunachal Pradesh, India","Hoj-Potin Highway, Arunachal Pradesh, India",downpour,27.3034,93.804,2016-07-16,27.303,93.804,LandslideGuard_Project_Master,2016-07-16,Arunachal Pradesh,,"Hoj-Potin Highway, Arunachal Pradesh, India",downpour,27.3034,93.804
India_Media_Catalog,8/5/2016 23:00,Bangapani area of Pithoragarh,Bangapani area of Pithoragarh,downpour,29.5866,80.2154,2016-08-05,29.587,80.215,LandslideGuard_Project_Master,2016-08-05,Uttarakhand,,Bangapani area of Pithoragarh,downpour,29.5866,80.2154
India_Media_Catalog,5/18/2016 8:00,"Ramchandi , Hailakandi District, Assam, India","Ramchandi , Hailakandi District, Assam, India",continuous_rain,24.5308,92.5121,2016-05-18,24.531,92.512,LandslideGuard_Project_Master,2016-05-18,Assam,,"Ramchandi , Hailakandi District, Assam, India",continuous_rain,24.5308,92.5121
India_Media_Catalog,10/12/2016 0:00,Legship,Legship,continuous_rain,27.2676,88.2891,2016-10-12,27.268,88.289,LandslideGuard_Project_Master,2016-10-12,Sikkim,,Legship,continuous_rain,27.2676,88.2891
India_Media_Catalog,7/20/2016 0:00,"Noonmati, Guwahati, Assam, India","Noonmati, Guwahati, Assam, India",rain,26.1966,91.802,2016-07-20,26.197,91.802,LandslideGuard_Project_Master,2016-07-20,Assam,,"Noonmati, Guwahati, Assam, India",rain,26.1966,91.802
India_Media_Catalog,7/2/2016 9:00,"Highway 22, near Borag Bypass, near Solan, Himachal Pradesh, India","Highway 22, near Borag Bypass, near Solan, Himachal Pradesh, India",downpour,30.89221723,77.09003076,2016-07-02,30.892,77.09,LandslideGuard_Project_Master,2016-07-02,Himachal Pradesh,,"Highway 22, near Borag Bypass, near Solan, Himachal Pradesh, India",downpour,30.89221723,77.09003076
India_Media_Catalog,7/19/2016 0:00,"5 km off Sangam point on Aalo- Pangin road, Arunachal Pradesh, India","5 km off Sangam point on Aalo- Pangin road, Arunachal Pradesh, India",downpour,28.235,94.9612,2016-07-19,28.235,94.961,LandslideGuard_Project_Master,2016-07-19,Arunachal Pradesh,,"5 km off Sangam point on Aalo- Pangin road, Arunachal Pradesh, India",downpour,28.235,94.9612
India_Media_Catalog,6/29/2016 0:00,"Nandprayag, Uttarakhand, India","Nandprayag, Uttarakhand, India",downpour,30.3299,79.3206,2016-06-29,30.33,79.321,LandslideGuard_Project_Master,2016-06-29,Uttarakhand,,"Nandprayag, Uttarakhand, India",downpour,30.3299,79.3206
