event_record_id,latitude,longitude,event_date,elevation,slope,aspect,soil_id,landcover_class,rainfall_1d,rainfall_3d,rainfall_7d,rainfall_15d,rainfall_30d,label,sample_type,event_date_source
18,27.4459,88.6193,2007-04-11,1961.0325927734373,11.777176856994627,153.777587890625,3662.0,10.0,,,,,,1,landslide_event,event_date_standardized
24,27.3383,88.6069,2007-05-23,1509.061279296875,21.31390380859375,211.17257690429688,3662.0,50.0,,,,,,1,landslide_event,event_date_standardized
303,26.8096,88.526,2007-06-15,164.79209899902344,9.189176559448242,83.54557800292969,3850.0,10.0,,,,,,1,landslide_event,event_date_standardized
320,26.1699,91.7986,2007-07-19,150.23757934570312,16.003690719604492,192.49920654296875,3637.0,10.0,,,,,,1,landslide_event,event_date_standardized
35,25.38,91.88,2007-07-26,1296.01123046875,35.4165153503418,132.4505157470703,3649.0,10.0,,,,,,1,landslide_event,event_date_standardized
283,25.5212,90.232,2007-07-27,589.8731079101562,19.785993576049805,234.9150848388672,3814.0,10.0,,,,,,1,landslide_event,event_date_standardized
37,22.479,92.967,2007-07-30,430.4695739746094,17.275562286376953,160.86233520507812,4301.0,10.0,,,,,,1,landslide_event,event_date_standardized
20,22.533,92.899,2007-07-30,811.10986328125,22.68686866760254,244.9351043701172,4301.0,30.0,,,,,,1,landslide_event,event_date_standardized
285,24.9667,93.55,2007-08-26,570.7347412109375,27.5104923248291,202.4696807861328,4301.0,10.0,,,,,,1,landslide_event,event_date_standardized
155,25.5576,91.8506,2007-08-26,1679.6717529296875,6.728731632232666,31.09918975830078,3646.0,10.0,,,,,,1,landslide_event,event_date_standardized
213,25.2946,92.8339,2007-08-26,901.7193603515624,13.407937049865724,323.7056579589844,3646.0,30.0,,,,,,1,landslide_event,event_date_standardized
82,25.7428,93.9136,2007-08-28,468.7663879394531,27.72938537597656,330.03515625,4276.0,10.0,,,,,,1,landslide_event,event_date_standardized
154,25.1333,93.9667,2007-08-31,1009.0635986328124,1.7692397832870483,224.24708557128903,4276.0,40.0,,,,,,1,landslide_event,event_date_standardized
163,25.0604,93.9877,2007-09-08,1517.0406494140625,35.30424499511719,13.271148681640623,4276.0,30.0,,,,,,1,landslide_event,event_date_standardized
282,25.4993,94.1192,2007-09-09,1949.779052734375,18.59279441833496,305.9911193847656,4276.0,10.0,,,,,,1,landslide_event,event_date_standardized
180,24.2451,94.0691,2007-09-10,1282.6968994140625,40.48271179199219,109.07666778564452,4301.0,10.0,,,,,,1,landslide_event,event_date_standardized
68,27.3425,88.6236,2007-09-10,2073.262451171875,35.22848892211914,165.079345703125,3662.0,10.0,,,,,,1,landslide_event,event_date_standardized
274,25.52,91.27,2007-09-11,1342.830810546875,15.80071258544922,30.835792541503903,3647.0,10.0,,,,,,1,landslide_event,event_date_standardized
72,24.4279,94.0564,2007-09-11,905.3639526367188,5.130692005157471,348.8346862792969,4276.0,30.0,,,,,,1,landslide_event,event_date_standardized
278,26.1833,91.8,2007-09-13,66.86455535888672,1.5381957292556765,139.26780700683594,3637.0,50.0,,,,,,1,landslide_event,event_date_standardized
88,24.1293,92.6921,2007-09-29,820.6981811523438,4.077516555786133,10.126261711120604,3665.0,10.0,,,,,,1,landslide_event,event_date_standardized
299,25.7055,94.0132,2007-10-16,1454.852783203125,16.8386173248291,131.76889038085938,4276.0,10.0,,,,,,1,landslide_event,event_date_standardized
298,25.4379,94.1162,2007-10-19,1501.2679443359375,24.711652755737305,170.06182861328125,4276.0,10.0,,,,,,1,landslide_event,event_date_standardized
12,24.75,93.4333,2007-10-21,443.1056213378906,37.95195770263672,184.34169006347656,4301.0,10.0,,,,,,1,landslide_event,event_date_standardized
167,24.9849,92.8411,2008-05-20,261.36444091796875,18.75289535522461,259.7520446777344,3708.0,10.0,,,,,,1,landslide_event,event_date_standardized
219,24.6596,93.9784,2008-06-09,781.507080078125,7.111842155456543,18.54226875305176,4331.0,10.0,,,,,,1,landslide_event,event_date_standardized
201,27.0998,93.6287,2008-06-14,406.5574340820313,8.568331718444824,317.7657470703125,11775.0,50.0,,,,,,1,landslide_event,event_date_standardized
32,27.2298,94.0989,2008-06-15,94.88673400878906,1.5331401824951172,306.0379638671875,3683.0,10.0,,,,,,1,landslide_event,event_date_standardized
96,24.9336,93.8275,2008-06-19,1016.5741577148438,14.779629707336426,122.88011932373048,4276.0,30.0,,,,,,1,landslide_event,event_date_standardized
264,25.705,94.04,2008-08-07,1042.6005859375,14.581320762634276,25.04717063903809,4276.0,10.0,,,,,,1,landslide_event,event_date_standardized
161,27.163,94.0,2008-08-14,95.43927764892578,3.058333396911621,62.02885818481445,3683.0,60.0,,,,,,1,landslide_event,event_date_standardized
184,26.138,94.25,2008-08-19,1012.0200805664062,12.386430740356444,272.8748474121094,4276.0,10.0,,,,,,1,landslide_event,event_date_standardized
197,27.337,88.609,2008-08-28,1553.279052734375,18.342702865600582,213.3033599853516,3662.0,50.0,,,,,,1,landslide_event,event_date_standardized
187,25.67,94.1066,2008-08-29,1442.8421630859375,19.77898979187012,310.3852844238281,4276.0,50.0,,,,,,1,landslide_event,event_date_standardized
47,27.4,92.35,2008-10-29,2630.97021484375,23.09853172302246,283.1123962402344,11879.0,10.0,,,,,,1,landslide_event,event_date_standardized
142,26.3333,91.25,2008-10-29,41.574737548828125,0.3334966897964477,161.02320861816406,3650.0,40.0,,,,,,1,landslide_event,event_date_standardized
87,27.2333,94.1167,2008-10-29,90.6147689819336,0.1822718381881714,21.21961212158203,3683.0,10.0,,,,,,1,landslide_event,event_date_standardized
0,27.478,88.527,2009-07-01,746.7476196289062,21.305740356445312,190.0960235595703,3662.0,10.0,,,,,,1,landslide_event,event_date_standardized
209,27.7,92.8,2009-08-12,2444.436279296875,14.2368745803833,222.82147216796875,11864.0,10.0,,,,,,1,landslide_event,event_date_standardized
38,27.15977181,88.63411246,2009-08-16,812.6243286132812,40.2085075378418,47.09462738037109,3662.0,10.0,,,,,,1,landslide_event,event_date_standardized
29,24.9925,93.5,2009-08-20,1213.68408203125,21.690649032592773,65.05585479736328,4301.0,50.0,,,,,,1,landslide_event,event_date_standardized
22,27.1761,88.5287,2009-08-20,299.4311218261719,5.506807327270508,235.9091186523437,3662.0,50.0,,,,,,1,landslide_event,event_date_standardized
9,25.5215,93.1645,2009-08-20,270.9970092773437,6.731748104095459,119.65299224853516,4276.0,10.0,,,,,,1,landslide_event,event_date_standardized
146,25.1718,93.123,2009-08-27,723.78369140625,10.260483741760254,205.0050048828125,4276.0,30.0,,,,,,1,landslide_event,event_date_standardized
211,24.8628,94.4182,2009-08-30,905.5567016601562,33.573360443115234,186.70074462890625,4301.0,10.0,,,,,,1,landslide_event,event_date_standardized
158,27.1954,88.6115,2009-09-17,478.9856262207031,13.082609176635742,137.0054473876953,3662.0,10.0,,,,,,1,landslide_event,event_date_standardized
193,23.73478778,92.72124394,2009-10-05,974.2714233398438,25.156400680541992,21.64884757995605,7001.0,30.0,,,,,,1,landslide_event,event_date_standardized
116,24.7339,93.9161,2010-03-27,879.9097900390625,23.49284172058105,117.61614227294922,4276.0,30.0,,,,,,1,landslide_event,event_date_standardized
19,25.1553,93.028,2010-04-01,576.326904296875,27.646631240844727,355.6628112792969,4276.0,10.0,,,,,,1,landslide_event,event_date_standardized
221,27.8997,93.3497,2010-04-02,870.244873046875,7.713263034820557,211.46420288085932,11864.0,50.0,,,,,,1,landslide_event,event_date_standardized
52,27.3341,88.6083,2010-04-17,1437.78466796875,31.77921867370605,256.06817626953125,3662.0,10.0,,,,,,1,landslide_event,event_date_standardized
198,27.322,88.6087,2010-04-17,1515.9171142578125,41.73021697998047,291.3511962890625,3662.0,10.0,,,,,,1,landslide_event,event_date_standardized
117,26.1978,91.7665,2010-04-20,86.62431335449219,18.580564498901367,80.6427001953125,3650.0,50.0,,,,,,1,landslide_event,event_date_standardized
228,26.1965,91.763,2010-04-20,96.65662384033205,9.91713809967041,137.4087371826172,3650.0,50.0,,,,,,1,landslide_event,event_date_standardized
39,27.8965,96.1779,2010-04-21,210.589599609375,5.63365364074707,315.86431884765625,3637.0,10.0,,,,,,1,landslide_event,event_date_standardized
308,25.3612,92.2845,2010-04-21,1223.6009521484375,9.077141761779783,79.6989517211914,3646.0,30.0,,,,,,1,landslide_event,event_date_standardized
224,25.3433,92.2897,2010-05-11,1199.6312255859375,6.1593546867370605,113.76013946533205,3646.0,30.0,,,,,,1,landslide_event,event_date_standardized
199,28.4298,95.8776,2010-05-31,524.8622436523438,10.550423622131348,307.4333801269531,11790.0,10.0,,,,,,1,landslide_event,event_date_standardized
254,27.3543,88.6428,2010-05-31,2121.573486328125,21.04854965209961,78.2112808227539,3662.0,10.0,,,,,,1,landslide_event,event_date_standardized
216,24.6005,92.3814,2010-06-03,103.36077880859376,19.323692321777344,352.72100830078125,3708.0,10.0,,,,,,1,landslide_event,event_date_standardized
122,23.8986,91.7599,2010-06-03,175.7871551513672,14.356929779052734,8.92135238647461,3665.0,10.0,,,,,,1,landslide_event,event_date_standardized
189,24.7543,93.5039,2010-06-07,394.7284240722656,13.277341842651367,353.5431213378906,4301.0,10.0,,,,,,1,landslide_event,event_date_standardized
10,25.8833,91.2,2010-06-09,234.8751678466797,13.758164405822754,136.6505889892578,3814.0,10.0,,,,,,1,landslide_event,event_date_standardized
304,25.2269,93.1658,2010-06-15,394.0172424316406,3.3200032711029053,312.7441101074219,4276.0,40.0,,,,,,1,landslide_event,event_date_standardized
295,26.3335,94.5512,2010-06-15,1372.5592041015625,25.05665397644043,187.59539794921875,4276.0,50.0,,,,,,1,landslide_event,event_date_standardized
262,25.0633,92.8025,2010-06-16,85.09440612792969,16.955944061279297,134.39682006835938,3701.0,10.0,,,,,,1,landslide_event,event_date_standardized
85,26.4333,94.8833,2010-06-17,568.129638671875,26.82391357421875,329.2273254394531,4276.0,10.0,,,,,,1,landslide_event,event_date_standardized
160,25.4916,91.2698,2010-06-28,1479.3677978515625,9.688231468200684,159.8080596923828,3647.0,10.0,,,,,,1,landslide_event,event_date_standardized
15,25.5728,91.885,2010-06-28,1506.6357421875,7.491045475006103,315.9411926269531,3646.0,50.0,,,,,,1,landslide_event,event_date_standardized
104,26.2363,94.8133,2010-07-06,1558.9539794921875,16.332609176635742,47.38410949707031,4276.0,50.0,,,,,,1,landslide_event,event_date_standardized
114,25.8877,94.7861,2010-07-06,1171.9498291015625,6.588235855102539,272.0567932128906,4276.0,50.0,,,,,,1,landslide_event,event_date_standardized
305,26.7225,95.0281,2010-07-06,705.9417724609375,11.936344146728516,315.3321838378906,4276.0,10.0,,,,,,1,landslide_event,event_date_standardized
148,26.0093,94.5238,2010-07-06,1806.620361328125,18.33163070678711,128.7078399658203,4276.0,50.0,,,,,,1,landslide_event,event_date_standardized
268,26.7215,95.0283,2010-07-19,727.4697265625,17.821475982666016,8.26441478729248,4276.0,50.0,,,,,,1,landslide_event,event_date_standardized
46,26.8716,94.9921,2010-07-20,278.34490966796875,16.843189239501953,164.58840942382812,3637.0,10.0,,,,,,1,landslide_event,event_date_standardized
139,27.5509,88.6475,2010-07-21,1410.63623046875,49.52345657348633,212.1207275390625,3662.0,10.0,,,,,,1,landslide_event,event_date_standardized
103,27.3773,88.559,2010-07-21,1473.3265380859375,32.3568000793457,254.3673095703125,3662.0,10.0,,,,,,1,landslide_event,event_date_standardized
177,25.0477,92.801,2010-07-25,169.20570373535156,25.28746223449707,91.56967163085938,3701.0,10.0,,,,,,1,landslide_event,event_date_standardized
212,24.9786,93.5027,2010-07-29,1312.0723876953125,15.88975715637207,277.99920654296875,4301.0,10.0,,,,,,1,landslide_event,event_date_standardized
289,25.4196,94.1054,2010-07-29,1382.1925048828125,11.335694313049316,190.244384765625,4276.0,50.0,,,,,,1,landslide_event,event_date_standardized
1,25.3098633,94.48214677,2010-07-29,1536.7576904296875,33.85165023803711,165.1502685546875,4276.0,30.0,,,,,,1,landslide_event,event_date_standardized
188,24.9356,93.8443,2010-07-31,851.4636840820312,0.9459604024887084,229.7209625244141,4276.0,10.0,,,,,,1,landslide_event,event_date_standardized
269,23.7365,92.7146,2010-08-06,1028.4278564453125,39.21456909179688,261.27880859375,7001.0,50.0,,,,,,1,landslide_event,event_date_standardized
178,25.70223725,94.04619681,2010-08-13,1007.92724609375,10.117583274841309,80.53630065917969,4276.0,40.0,,,,,,1,landslide_event,event_date_standardized
109,26.222,94.9152,2010-08-14,1778.078369140625,29.12509536743164,313.4775695800781,4276.0,10.0,,,,,,1,landslide_event,event_date_standardized
79,26.0814,94.803,2010-08-14,947.626220703125,37.372291564941406,32.140419006347656,4276.0,10.0,,,,,,1,landslide_event,event_date_standardized
272,26.148,94.8422,2010-08-14,1528.6558837890625,26.35123443603516,10.615458488464355,4276.0,10.0,,,,,,1,landslide_event,event_date_standardized
28,25.31006064,94.48265093,2010-08-15,1534.9505615234375,29.56004524230957,126.68748474121094,4276.0,30.0,,,,,,1,landslide_event,event_date_standardized
318,26.2753,94.6654,2010-08-17,1154.0389404296875,28.59084701538086,310.3680114746094,4276.0,10.0,,,,,,1,landslide_event,event_date_standardized
84,25.61560252,94.11603493,2010-08-19,1607.4580078125,32.041446685791016,111.2265167236328,4276.0,30.0,,,,,,1,landslide_event,event_date_standardized
80,24.8961,93.4957,2010-08-19,1017.2667846679688,16.193531036376953,125.95889282226562,4301.0,10.0,,,,,,1,landslide_event,event_date_standardized
77,26.1984,94.8158,2010-08-19,1878.4278564453125,22.23193359375,326.9003601074219,4276.0,10.0,,,,,,1,landslide_event,event_date_standardized
137,25.5718,94.1211,2010-08-21,1618.675537109375,5.658908367156982,14.910490036010742,4276.0,50.0,,,,,,1,landslide_event,event_date_standardized
236,25.4786,94.1327,2010-08-27,1762.3734130859375,7.410953044891357,343.1671142578125,4276.0,10.0,,,,,,1,landslide_event,event_date_standardized
57,24.7505,93.4221,2010-08-27,793.0284423828125,6.406473159790039,252.3161773681641,4301.0,10.0,,,,,,1,landslide_event,event_date_standardized
249,27.3392,88.6188,2010-08-27,1888.8125,25.99549102783203,134.21571350097656,3662.0,10.0,,,,,,1,landslide_event,event_date_standardized
48,27.3702,88.7334,2010-09-04,3523.580078125,3.187097549438477,286.8574523925781,3717.0,30.0,,,,,,1,landslide_event,event_date_standardized
244,28.3036,95.4112,2010-09-09,1800.0015869140625,48.01810836791992,112.00715637207033,11864.0,10.0,,,,,,1,landslide_event,event_date_standardized
74,27.0011,93.7273,2010-09-10,109.28465270996094,3.8665931224823,325.0473327636719,3683.0,40.0,,,,,,1,landslide_event,event_date_standardized
312,25.63961883,94.11112157,2010-09-12,1493.7166748046875,24.355453491210938,92.02509307861328,4276.0,50.0,,,,,,1,landslide_event,event_date_standardized
208,22.7176,92.8416,2010-09-13,729.5139770507812,31.68890953063965,90.78144073486328,4301.0,10.0,,,,,,1,landslide_event,event_date_standardized
23,23.591,92.9296,2010-09-13,789.679931640625,8.309388160705566,274.537841796875,4301.0,10.0,,,,,,1,landslide_event,event_date_standardized
277,23.72988966,92.71495623,2010-09-13,990.5125732421876,27.76064109802246,292.2981872558594,3665.0,10.0,,,,,,1,landslide_event,event_date_standardized
251,23.3439,93.0748,2010-09-13,1315.960693359375,32.6228141784668,98.87903594970705,4301.0,10.0,,,,,,1,landslide_event,event_date_standardized
78,23.75406693,92.74128531,2010-09-13,978.6586303710938,30.205677032470703,80.6833267211914,3665.0,50.0,,,,,,1,landslide_event,event_date_standardized
106,23.74182634,92.7141905,2010-09-13,943.8895263671876,19.73172187805176,300.9390563964844,3665.0,50.0,,,,,,1,landslide_event,event_date_standardized
247,23.73504471,92.71060943,2010-09-13,930.1307373046876,23.34025955200196,77.4193344116211,7001.0,50.0,,,,,,1,landslide_event,event_date_standardized
169,24.3069,93.125,2010-09-16,762.8575439453125,17.920854568481445,34.35021209716797,4301.0,10.0,,,,,,1,landslide_event,event_date_standardized
183,23.7527,92.694,2010-09-16,796.3433227539062,34.4484748840332,53.18932723999024,3665.0,10.0,,,,,,1,landslide_event,event_date_standardized
300,28.3092,95.4149,2010-10-03,1865.764892578125,50.18288040161133,248.6693115234375,11909.0,10.0,,,,,,1,landslide_event,event_date_standardized
255,24.7679,93.4108,2010-10-08,516.0626220703125,25.266372680664062,256.58599853515625,4301.0,10.0,,,,,,1,landslide_event,event_date_standardized
246,25.2745,94.0212,2010-10-08,1075.6785888671875,17.817461013793945,153.39553833007812,4276.0,50.0,,,,,,1,landslide_event,event_date_standardized
157,24.837,93.9128,2010-10-08,799.0735473632812,14.031889915466309,156.2122344970703,4276.0,50.0,,,,,,1,landslide_event,event_date_standardized
8,25.4769,94.1351,2010-10-08,1656.855224609375,16.573923110961914,105.01715850830078,4276.0,50.0,,,,,,1,landslide_event,event_date_standardized
140,25.6633,94.4703,2010-10-08,1452.3546142578125,8.285400390625,288.7970275878906,4276.0,60.0,,,,,,1,landslide_event,event_date_standardized
11,25.3179,94.0462,2010-10-09,1009.9530029296876,24.41946601867676,273.8585510253906,4276.0,10.0,,,,,,1,landslide_event,event_date_standardized
123,25.5265,93.8673,2010-10-09,1390.6053466796875,25.933570861816406,306.7274475097656,4301.0,10.0,,,,,,1,landslide_event,event_date_standardized
125,25.4788,94.1399,2010-10-09,1639.7330322265625,16.08685874938965,182.191650390625,4276.0,10.0,,,,,,1,landslide_event,event_date_standardized
297,25.1796,93.0083,2010-10-09,688.9466552734375,3.927459955215454,110.28069305419922,4276.0,50.0,,,,,,1,landslide_event,event_date_standardized
257,25.682,94.1076,2010-10-09,1441.904052734375,11.241731643676758,288.869384765625,4276.0,50.0,,,,,,1,landslide_event,event_date_standardized
316,25.4749,93.1477,2010-10-09,152.47006225585938,6.1949968338012695,356.0416564941406,4276.0,10.0,,,,,,1,landslide_event,event_date_standardized
42,25.5242,92.9914,2010-10-09,155.11376953125,8.515926361083984,40.887237548828125,4276.0,10.0,,,,,,1,landslide_event,event_date_standardized
115,25.6623,94.1072,2010-10-10,1382.5048828125,14.634651184082031,93.38544464111328,7001.0,10.0,,,,,,1,landslide_event,event_date_standardized
225,27.5798729,91.85672387,2010-11-22,2766.8056640625,22.40599822998047,243.9518280029297,11879.0,10.0,,,,,,1,landslide_event,event_date_standardized
51,28.0791,96.5242,2011-03-22,531.3464965820312,26.206382751464844,171.81964111328125,4351.0,50.0,,,,,,1,landslide_event,event_date_standardized
61,25.0672,93.4093,2011-05-22,454.5387268066406,28.77771759033203,194.9974822998047,4301.0,10.0,,,,,,1,landslide_event,event_date_standardized
248,25.0888,92.8551,2011-05-24,275.6462097167969,30.58514976501465,6.18858814239502,4276.0,10.0,,,,,,1,landslide_event,event_date_standardized
245,25.1555,93.8474,2011-05-31,1345.8138427734375,30.899389266967773,187.8236389160156,4301.0,10.0,,,,,,1,landslide_event,event_date_standardized
31,24.8286,93.5935,2011-05-31,719.3284912109375,33.02092742919922,192.40737915039065,4301.0,10.0,,,,,,1,landslide_event,event_date_standardized
265,26.3186,94.5121,2011-06-20,1253.3843994140625,11.05461311340332,127.83020782470705,4276.0,10.0,,,,,,1,landslide_event,event_date_standardized
151,25.51614662,94.2341227,2011-06-21,1648.3985595703125,23.469751358032227,266.4374389648437,4276.0,30.0,,,,,,1,landslide_event,event_date_standardized
40,25.6682,94.1099,2011-06-28,1434.0286865234375,17.302640914916992,67.99267578125,4276.0,10.0,,,,,,1,landslide_event,event_date_standardized
89,25.03561729,94.0144205,2011-06-28,856.09619140625,34.25163650512695,136.2344970703125,4276.0,10.0,,,,,,1,landslide_event,event_date_standardized
26,25.5125,93.3613,2011-06-29,308.4480895996094,6.186566352844238,181.83233642578125,4255.0,10.0,,,,,,1,landslide_event,event_date_standardized
237,25.8782,94.1739,2011-07-01,1350.1361083984375,22.48882484436035,38.70321273803711,4276.0,10.0,,,,,,1,landslide_event,event_date_standardized
207,24.8063,93.9482,2011-07-06,781.77392578125,1.3385379314422607,70.32735443115234,7001.0,50.0,,,,,,1,landslide_event,event_date_standardized
45,25.4191,94.1079,2011-07-07,1392.1922607421875,14.490296363830566,7.227597713470459,4276.0,40.0,,,,,,1,landslide_event,event_date_standardized
263,25.6703,94.1095,2011-07-11,1436.1641845703125,24.053451538085938,95.30050659179688,4276.0,50.0,,,,,,1,landslide_event,event_date_standardized
232,27.125,93.7145,2011-07-15,132.5273895263672,0.3987009823322296,103.08811950683594,11775.0,60.0,,,,,,1,landslide_event,event_date_standardized
165,27.2743,92.9064,2011-07-16,644.3753051757812,18.432647705078125,270.1038513183594,11775.0,10.0,,,,,,1,landslide_event,event_date_standardized
159,27.1032,93.6884,2011-07-19,150.3795928955078,1.9931442737579343,32.07267761230469,7001.0,50.0,,,,,,1,landslide_event,event_date_standardized
293,24.7992,93.948,2011-07-22,782.2091674804688,1.4935643672943115,346.2854309082031,7001.0,60.0,,,,,,1,landslide_event,event_date_standardized
49,24.3527,94.3429,2011-07-22,277.8223876953125,26.78093147277832,96.16568756103516,3689.0,10.0,,,,,,1,landslide_event,event_date_standardized
153,26.5836,93.0038,2011-07-24,67.93389892578125,2.0677976608276367,39.95708084106445,3637.0,40.0,,,,,,1,landslide_event,event_date_standardized
43,24.6869,93.9157,2011-07-25,771.6426391601562,0.2212255597114563,345.017333984375,4331.0,40.0,,,,,,1,landslide_event,event_date_standardized
144,25.4192,94.108,2011-07-29,1384.0423583984375,14.964365005493164,41.47489929199219,4276.0,30.0,,,,,,1,landslide_event,event_date_standardized
98,27.1034,93.6885,2011-08-05,149.83685302734375,3.523525714874268,54.13344955444336,7001.0,50.0,,,,,,1,landslide_event,event_date_standardized
217,27.44,92.2833,2011-08-12,2629.98583984375,5.943219661712647,54.262969970703125,11864.0,10.0,,,,,,1,landslide_event,event_date_standardized
204,25.7713,93.8067,2011-08-13,237.25320434570312,6.35941743850708,39.83789443969727,4276.0,10.0,,,,,,1,landslide_event,event_date_standardized
99,27.4888,93.0153,2011-08-15,573.1685180664062,33.45001983642578,322.15582275390625,11775.0,10.0,,,,,,1,landslide_event,event_date_standardized
273,25.5144,90.2167,2011-08-16,309.9352111816406,6.40664529800415,256.3793029785156,3814.0,10.0,,,,,,1,landslide_event,event_date_standardized
290,25.83,94.13,2011-08-18,1017.9199829101562,8.591971397399902,12.90983772277832,4276.0,40.0,,,,,,1,landslide_event,event_date_standardized
280,27.7344,88.633,2011-08-25,3494.92578125,27.95033836364746,123.51553344726562,3717.0,10.0,,,,,,1,landslide_event,event_date_standardized
112,24.808,93.117,2011-09-06,38.38522338867188,5.054456233978272,326.4285583496094,3701.0,50.0,,,,,,1,landslide_event,event_date_standardized
36,26.1548,91.7351,2011-09-23,53.39770126342773,1.52072274684906,303.621826171875,7001.0,50.0,,,,,,1,landslide_event,event_date_standardized
27,27.5161,88.5575,2011-09-30,1358.0126953125,26.525320053100582,328.2363586425781,3662.0,10.0,,,,,,1,landslide_event,event_date_standardized
196,25.1604,93.6795,2012-03-04,1100.0721435546875,22.64996719360352,301.0080871582031,4301.0,10.0,,,,,,1,landslide_event,event_date_standardized
56,28.4659,95.86,2012-04-08,1061.6243896484375,32.83844375610352,40.92158508300781,11790.0,10.0,,,,,,1,landslide_event,event_date_standardized
241,28.8254,96.1517,2012-06-02,3579.512939453125,23.55665779113769,91.92863464355467,11727.0,10.0,,,,,,1,landslide_event,event_date_standardized
64,26.1475,91.7356,2012-06-02,50.44081878662109,0.93340265750885,174.85855102539062,7001.0,50.0,,,,,,1,landslide_event,event_date_standardized
286,25.1775,93.0123,2012-06-03,668.3739013671875,19.087387084960938,331.8041076660156,4276.0,10.0,,,,,,1,landslide_event,event_date_standardized
287,25.3056,93.1265,2012-06-03,310.4130249023437,22.16777229309082,235.5619354248047,4276.0,10.0,,,,,,1,landslide_event,event_date_standardized
21,25.1175,92.8573,2012-06-03,146.62811279296875,6.229365348815918,215.52430725097656,4276.0,10.0,,,,,,1,landslide_event,event_date_standardized
200,27.7167,88.5577,2012-06-03,2668.882568359375,18.030498504638672,73.16909790039062,3717.0,30.0,,,,,,1,landslide_event,event_date_standardized
131,27.1748,88.6458,2012-06-07,938.9389038085938,15.19566535949707,244.69113159179688,3662.0,10.0,,,,,,1,landslide_event,event_date_standardized
152,27.7565,88.632,2012-06-07,3889.316650390625,18.53253555297852,48.37858581542969,3717.0,10.0,,,,,,1,landslide_event,event_date_standardized
176,24.8142,93.5444,2012-06-10,517.7041015625,32.23862075805664,134.4281768798828,4301.0,10.0,,,,,,1,landslide_event,event_date_standardized
175,25.5498,92.0757,2012-06-13,1276.3973388671875,19.963342666625977,337.19140625,3646.0,10.0,,,,,,1,landslide_event,event_date_standardized
164,25.0951,92.3567,2012-06-13,247.15359497070312,26.163562774658203,253.6774444580078,3708.0,10.0,,,,,,1,landslide_event,event_date_standardized
281,27.339,88.6065,2012-06-14,1502.8668212890625,21.81838035583496,305.63134765625,3662.0,50.0,,,,,,1,landslide_event,event_date_standardized
60,26.149,91.7351,2012-06-20,52.556583404541016,2.540988206863404,343.1995544433594,7001.0,50.0,,,,,,1,landslide_event,event_date_standardized
214,26.1226,91.7162,2012-06-22,72.29875946044922,10.562407493591309,160.86668395996094,3814.0,50.0,,,,,,1,landslide_event,event_date_standardized
240,26.1049,91.7369,2012-06-25,157.38409423828125,16.41172218322754,153.22520446777344,3814.0,10.0,,,,,,1,landslide_event,event_date_standardized
203,26.9986,95.4993,2012-06-25,650.1611938476562,25.07476043701172,20.209487915039062,4276.0,10.0,,,,,,1,landslide_event,event_date_standardized
55,27.174,95.8011,2012-06-25,294.5935974121094,0.492451548576355,155.0437469482422,4276.0,40.0,,,,,,1,landslide_event,event_date_standardized
267,28.9986,94.8885,2012-07-05,606.9176635742188,25.54982185363769,17.10862922668457,11790.0,10.0,,,,,,1,landslide_event,event_date_standardized
2,27.8385,88.556,2012-09-19,3810.72802734375,17.237892150878906,202.5615692138672,3717.0,10.0,,,,,,1,landslide_event,event_date_standardized
121,27.8458,95.2253,2012-09-19,133.93359375,0.1892804205417633,222.51046752929688,3650.0,40.0,,,,,,1,landslide_event,event_date_standardized
3,27.6558,88.605,2012-09-19,1947.65869140625,9.8460693359375,248.90582275390625,3717.0,30.0,,,,,,1,landslide_event,event_date_standardized
270,23.7705,92.5217,2012-11-11,78.01522064208984,9.64112663269043,297.8417358398437,3665.0,10.0,,,,,,1,landslide_event,event_date_standardized
101,28.1193,95.1645,2013-02-18,782.773681640625,35.69247817993164,220.4382781982422,11790.0,10.0,,,,,,1,landslide_event,event_date_standardized
233,28.8254,96.1509,2013-04-07,3613.6435546875,25.2900390625,80.45932006835938,11727.0,10.0,,,,,,1,landslide_event,event_date_standardized
227,24.2315,92.6755,2013-05-07,668.9224243164062,11.877516746520996,142.18495178222656,3665.0,50.0,,,,,,1,landslide_event,event_date_standardized
315,24.0896,91.4663,2013-05-08,115.96711730957033,8.775213241577148,359.3273620605469,3665.0,10.0,,,,,,1,landslide_event,event_date_standardized
127,26.1662,91.7138,2013-05-11,138.12319946289062,23.48808860778809,89.54366302490234,3650.0,50.0,,,,,,1,landslide_event,event_date_standardized
202,26.1771,91.7599,2013-05-11,82.56718444824219,13.991209983825684,196.78944396972656,7001.0,50.0,,,,,,1,landslide_event,event_date_standardized
226,26.1016,91.6906,2013-05-11,130.6619873046875,42.779632568359375,9.507113456726074,3648.0,10.0,,,,,,1,landslide_event,event_date_standardized
222,23.7281,92.7175,2013-05-11,1080.629638671875,3.915915966033936,165.46482849121094,7001.0,50.0,,,,,,1,landslide_event,event_date_standardized
291,24.9926,93.4946,2013-05-12,1131.0548095703125,7.089067935943604,275.1346130371094,4301.0,50.0,,,,,,1,landslide_event,event_date_standardized
63,27.8776,94.25,2013-06-01,931.5346069335938,38.28877258300781,151.0821533203125,11790.0,10.0,,,,,,1,landslide_event,event_date_standardized
92,26.0977,94.7031,2013-06-07,1739.1412353515625,38.89234161376953,331.67437744140625,4276.0,10.0,,,,,,1,landslide_event,event_date_standardized
50,26.0977,94.7499,2013-06-07,1552.9932861328125,6.022054195404053,259.7967834472656,4276.0,10.0,,,,,,1,landslide_event,event_date_standardized
76,27.3721,88.708,2013-06-08,3126.398193359375,42.164588928222656,189.5157165527344,3662.0,50.0,,,,,,1,landslide_event,event_date_standardized
108,27.3765,88.7628,2013-06-27,3751.0,9.637657165527344,180.0,3717.0,30.0,,,,,,1,landslide_event,event_date_standardized
67,26.1147,94.3864,2013-07-01,338.0,10.04387378692627,270.0,4276.0,10.0,,,,,,1,landslide_event,event_date_standardized
143,26.72,95.029,2013-07-01,680.9931640625,5.592322826385498,161.8843231201172,4276.0,50.0,,,,,,1,landslide_event,event_date_standardized
7,25.616,94.1167,2013-07-12,1583.0235595703125,16.498443603515625,99.55950164794922,4276.0,10.0,,,,,,1,landslide_event,event_date_standardized
71,25.6269,94.1139,2013-07-12,1567.893310546875,14.322092056274414,40.1620979309082,4276.0,50.0,,,,,,1,landslide_event,event_date_standardized
93,25.6269,94.1139,2013-07-15,1567.893310546875,14.322092056274414,40.1620979309082,4276.0,50.0,,,,,,1,landslide_event,event_date_standardized
4,25.7658,93.9413,2013-07-17,799.3491821289062,34.972633361816406,205.96563720703125,4276.0,50.0,,,,,,1,landslide_event,event_date_standardized
5,25.7131,94.0885,2013-07-17,1411.6787109375,26.313316345214844,263.1837463378906,4276.0,10.0,,,,,,1,landslide_event,event_date_standardized
206,27.8837,93.0515,2013-08-01,1579.132568359375,39.96002960205078,174.26980590820312,11864.0,10.0,,,,,,1,landslide_event,event_date_standardized
110,26.0137,94.5163,2013-08-04,1717.4874267578125,11.523119926452637,258.9540100097656,4276.0,30.0,,,,,,1,landslide_event,event_date_standardized
271,26.1498,94.6055,2013-08-04,1707.704833984375,31.64654922485352,210.1183319091797,4276.0,10.0,,,,,,1,landslide_event,event_date_standardized
218,26.2083,94.5438,2013-08-04,1478.2481689453125,7.621303558349609,219.2281036376953,4276.0,10.0,,,,,,1,landslide_event,event_date_standardized
129,26.0481,94.4619,2013-08-04,866.9505615234375,28.4879207611084,260.92303466796875,4276.0,10.0,,,,,,1,landslide_event,event_date_standardized
138,26.1807,94.5497,2013-08-04,1637.970458984375,29.973892211914062,170.74038696289062,4276.0,30.0,,,,,,1,landslide_event,event_date_standardized
59,26.284,94.5808,2013-08-04,722.4674072265625,32.52063751220703,345.74755859375,4276.0,10.0,,,,,,1,landslide_event,event_date_standardized
230,26.0838,94.564,2013-08-04,1830.87841796875,22.86507034301757,86.37158966064453,4276.0,10.0,,,,,,1,landslide_event,event_date_standardized
128,25.8376,94.5234,2013-08-04,799.6514282226562,2.4718377590179443,302.0936584472656,4276.0,40.0,,,,,,1,landslide_event,event_date_standardized
260,25.318,94.0441,2013-08-09,994.5647583007812,0.1200252026319503,262.2038879394531,4276.0,40.0,,,,,,1,landslide_event,event_date_standardized
253,26.7103,94.693,2013-08-11,688.0195922851562,18.15432929992676,187.399658203125,4276.0,10.0,,,,,,1,landslide_event,event_date_standardized
90,25.3833,94.1884,2013-08-15,1685.0491943359375,8.240832328796387,146.5194091796875,4276.0,10.0,,,,,,1,landslide_event,event_date_standardized
97,26.4205,94.9731,2013-08-16,662.717041015625,16.386865615844727,181.85009765625,4301.0,30.0,,,,,,1,landslide_event,event_date_standardized
191,26.3897,94.9439,2013-08-16,519.267333984375,9.542935371398926,9.93359375,4301.0,10.0,,,,,,1,landslide_event,event_date_standardized
73,26.8727,94.9275,2013-08-16,134.023193359375,0.9272137880325316,260.4241027832031,3637.0,60.0,,,,,,1,landslide_event,event_date_standardized
16,24.7625,93.4341,2013-08-17,633.5919799804688,41.36114501953125,132.21055603027344,4301.0,10.0,,,,,,1,landslide_event,event_date_standardized
235,26.4205,94.9731,2013-08-30,662.717041015625,16.386865615844727,181.85009765625,4301.0,30.0,,,,,,1,landslide_event,event_date_standardized
65,24.9037,93.487,2013-09-01,1272.4034423828125,41.07431411743164,252.1377868652344,4301.0,50.0,,,,,,1,landslide_event,event_date_standardized
25,24.9829,93.5063,2013-09-01,1294.7689208984375,28.76937866210937,13.746570587158203,4301.0,10.0,,,,,,1,landslide_event,event_date_standardized
149,27.1614,93.7525,2013-09-02,148.66004943847656,12.232135772705078,52.83893585205078,11775.0,50.0,,,,,,1,landslide_event,event_date_standardized
239,28.611,94.9829,2013-09-02,1696.97607421875,25.95244407653809,358.4635925292969,11839.0,10.0,,,,,,1,landslide_event,event_date_standardized
145,27.3736,88.7323,2013-09-07,3411.429443359375,26.598913192749023,195.8337860107422,3717.0,30.0,,,,,,1,landslide_event,event_date_standardized
302,27.6047,88.6463,2013-09-08,1607.7843017578125,10.135364532470703,145.84268188476562,3662.0,50.0,,,,,,1,landslide_event,event_date_standardized
13,25.0985,94.3619,2013-09-24,1899.943359375,5.894336223602295,318.3699951171875,7001.0,60.0,,,,,,1,landslide_event,event_date_standardized
220,25.8266,94.1497,2013-10-05,1396.6646728515625,24.1990966796875,12.221054077148438,4276.0,10.0,,,,,,1,landslide_event,event_date_standardized
243,26.1309,91.8383,2013-10-06,103.10369110107422,9.530261993408203,60.516563415527344,3814.0,10.0,,,,,,1,landslide_event,event_date_standardized
294,26.1665,91.7049,2013-10-06,233.6174774169922,16.18215560913086,180.17938232421875,3650.0,10.0,,,,,,1,landslide_event,event_date_standardized
147,25.426,94.6024,2013-10-13,1343.6978759765625,13.105812072753906,352.9725036621094,4301.0,10.0,,,,,,1,landslide_event,event_date_standardized
44,27.9032,96.174,2014-05-08,198.8146514892578,5.811610221862793,315.1335144042969,3637.0,60.0,,,,,,1,landslide_event,event_date_standardized
81,24.8669,92.3576,2014-05-09,17.723207473754883,0.5171462893486023,97.62651824951172,3708.0,50.0,,,,,,1,landslide_event,event_date_standardized
30,28.9205,95.3429,2014-06-26,4057.804443359375,28.4505615234375,247.92762756347656,11727.0,30.0,,,,,,1,landslide_event,event_date_standardized
179,26.1844,91.7896,2014-06-26,58.81834411621094,4.9345316886901855,176.33804321289062,7001.0,50.0,,,,,,1,landslide_event,event_date_standardized
111,26.1407,91.7645,2014-06-26,59.30535125732422,3.391876459121704,100.04878997802734,3814.0,50.0,,,,,,1,landslide_event,event_date_standardized
162,26.1619,91.7697,2014-06-27,54.13603210449219,2.3207428455352783,165.17791748046875,7001.0,50.0,,,,,,1,landslide_event,event_date_standardized
275,26.1964,91.7652,2014-06-28,87.89129638671875,24.25786590576172,33.33564376831055,3650.0,10.0,,,,,,1,landslide_event,event_date_standardized
75,23.7327,92.7463,2014-07-14,836.5509643554688,33.17726516723633,168.2484130859375,3665.0,50.0,,,,,,1,landslide_event,event_date_standardized
107,23.0137,91.7174,2014-08-14,28.031164169311523,6.779423236846924,284.6083068847656,3636.0,50.0,,,,,,1,landslide_event,event_date_standardized
172,27.0869,93.6086,2014-08-17,318.39263916015625,4.415086269378662,331.3742980957031,7001.0,50.0,,,,,,1,landslide_event,event_date_standardized
301,25.9466,94.6279,2014-09-08,1389.9193115234375,30.95311164855957,225.73321533203125,4276.0,10.0,,,,,,1,landslide_event,event_date_standardized
310,25.7354,90.3852,2014-09-21,344.7012939453125,7.863541126251221,243.4810485839844,3814.0,10.0,,,,,,1,landslide_event,event_date_standardized
130,26.1324,91.8342,2014-09-22,72.69801330566406,3.8823652267456055,260.3367614746094,3814.0,50.0,,,,,,1,landslide_event,event_date_standardized
136,26.1295,91.7056,2014-09-22,148.2101287841797,8.46279239654541,84.32936096191406,3650.0,10.0,,,,,,1,landslide_event,event_date_standardized
317,26.1097,91.7747,2014-09-22,59.39221954345703,1.205387830734253,339.9668884277344,7001.0,10.0,,,,,,1,landslide_event,event_date_standardized
86,26.1314,91.7548,2014-09-22,77.03489685058594,7.658712387084961,303.1128234863281,3814.0,40.0,,,,,,1,landslide_event,event_date_standardized
70,26.1985,91.7998,2014-09-22,76.75308990478516,9.048985481262209,212.22303771972656,3650.0,50.0,,,,,,1,landslide_event,event_date_standardized
95,26.1044,91.7082,2014-09-22,51.93117904663086,1.0328607559204102,67.40087890625,3814.0,10.0,,,,,,1,landslide_event,event_date_standardized
141,26.159,91.8178,2014-09-22,60.84480285644531,6.881247043609619,139.46990966796875,3637.0,50.0,,,,,,1,landslide_event,event_date_standardized
319,26.1001,91.6849,2014-09-22,72.82743835449219,23.146100997924805,28.021455764770508,3648.0,30.0,,,,,,1,landslide_event,event_date_standardized
166,25.7238,89.9032,2014-09-23,31.35995101928711,8.786304473876953,203.44081115722656,3750.0,50.0,,,,,,1,landslide_event,event_date_standardized
174,25.5772,91.8666,2014-09-23,1479.1109619140625,6.467817783355713,337.7099609375,3646.0,10.0,,,,,,1,landslide_event,event_date_standardized
311,25.8143,90.5763,2014-09-24,59.0,3.9407763481140137,111.79122924804688,3814.0,10.0,,,,,,1,landslide_event,event_date_standardized
54,27.1249,93.7706,2014-10-01,175.79466247558594,25.44174194335937,32.861515045166016,11775.0,10.0,,,,,,1,landslide_event,event_date_standardized
279,25.9702,91.8587,2014-10-05,281.32135009765625,12.110350608825684,87.53504943847656,3814.0,10.0,,,,,,1,landslide_event,event_date_standardized
126,25.5006,90.0896,2014-10-20,44.13310241699219,0.0819706320762634,90.88290405273438,3707.0,40.0,,,,,,1,landslide_event,event_date_standardized
307,26.1468,91.6469,2015-02-14,66.71479797363281,17.28343963623047,329.407958984375,3650.0,10.0,,,,,,1,landslide_event,event_date_standardized
309,24.6108,92.562,2015-02-19,27.969724655151367,1.2175372838974,34.413597106933594,3708.0,30.0,,,,,,1,landslide_event,event_date_standardized
238,25.0318,92.4584,2015-03-19,77.73472595214844,14.751564979553224,186.65069580078125,3708.0,10.0,,,,,,1,landslide_event,event_date_standardized
14,27.6163,88.6586,2015-05-24,1845.9775390625,34.200496673583984,133.8531951904297,3662.0,10.0,,,,,,1,landslide_event,event_date_standardized
17,27.0987,93.816,2015-06-09,214.14358520507807,10.277758598327637,8.43869686126709,11775.0,10.0,,,,,,1,landslide_event,event_date_standardized
119,25.463,92.2121,2015-06-13,1380.4051513671875,3.523115396499634,178.10552978515625,3646.0,60.0,,,,,,1,landslide_event,event_date_standardized
113,25.5114,90.215,2015-06-16,304.8196105957031,6.453155994415283,263.4756774902344,3814.0,10.0,,,,,,1,landslide_event,event_date_standardized
252,25.5084,90.2191,2015-06-16,321.0578308105469,24.32272148132324,308.30438232421875,3814.0,10.0,,,,,,1,landslide_event,event_date_standardized
190,23.7131,92.7362,2015-06-19,883.6295776367188,8.855734825134277,70.08084106445312,3665.0,10.0,,,,,,1,landslide_event,event_date_standardized
223,25.16,93.686,2015-06-19,993.1607055664062,36.3893928527832,162.69052124023438,4301.0,10.0,,,,,,1,landslide_event,event_date_standardized
53,26.0319,94.5466,2015-06-24,1535.130615234375,40.3395881652832,192.931640625,4276.0,10.0,,,,,,1,landslide_event,event_date_standardized
205,27.0875,88.6556,2015-06-30,2188.75927734375,5.467228889465332,60.57899856567383,3662.0,10.0,,,,,,1,landslide_event,event_date_standardized
242,27.36,93.0385,2015-07-15,412.4277038574219,8.166448593139648,242.8936004638672,11775.0,50.0,,,,,,1,landslide_event,event_date_standardized
314,25.3908,94.0926,2015-07-22,1307.4000244140625,16.60420036315918,144.4363250732422,4276.0,10.0,,,,,,1,landslide_event,event_date_standardized
94,24.7979,92.9974,2015-07-22,24.804288864135746,0.3350642323493957,308.4742126464844,3708.0,40.0,,,,,,1,landslide_event,event_date_standardized
66,25.4538,93.9827,2015-07-22,1782.916748046875,29.478073120117188,306.7606201171875,4301.0,30.0,,,,,,1,landslide_event,event_date_standardized
168,25.5007,93.9854,2015-07-22,1418.50048828125,15.500651359558104,227.87808227539065,4301.0,30.0,,,,,,1,landslide_event,event_date_standardized
210,25.5098,93.8794,2015-07-22,1652.687744140625,21.28356170654297,289.56378173828125,4301.0,10.0,,,,,,1,landslide_event,event_date_standardized
58,25.4477,94.0489,2015-07-22,1339.629638671875,28.65985870361328,305.55908203125,4276.0,10.0,,,,,,1,landslide_event,event_date_standardized
69,24.9818,93.5142,2015-07-24,1248.3367919921875,20.4340934753418,313.0307922363281,4301.0,10.0,,,,,,1,landslide_event,event_date_standardized
124,26.1062,91.8717,2015-07-25,259.01287841796875,4.847469806671143,63.26151657104492,3814.0,10.0,,,,,,1,landslide_event,event_date_standardized
156,25.0634,94.3415,2015-07-31,1781.6500244140625,36.002079010009766,275.1668395996094,4301.0,10.0,,,,,,1,landslide_event,event_date_standardized
118,24.819,94.3551,2015-07-31,1622.6070556640625,30.74102020263672,253.6410980224609,4301.0,10.0,,,,,,1,landslide_event,event_date_standardized
100,23.899,94.1434,2015-08-01,255.3252410888672,20.12415313720703,172.67161560058594,3689.0,10.0,,,,,,1,landslide_event,event_date_standardized
296,24.954,94.2156,2015-08-01,942.494140625,19.673952102661133,301.0443115234375,4276.0,50.0,,,,,,1,landslide_event,event_date_standardized
6,24.1419,94.1078,2015-08-01,1170.2288818359375,41.15029144287109,223.1303558349609,4301.0,10.0,,,,,,1,landslide_event,event_date_standardized
62,24.1988,94.1016,2015-08-01,1405.31298828125,18.86229705810547,287.7832336425781,4301.0,10.0,,,,,,1,landslide_event,event_date_standardized
288,25.1941,94.4481,2015-08-01,1732.5048828125,16.83842658996582,317.0778503417969,4301.0,10.0,,,,,,1,landslide_event,event_date_standardized
276,24.4265,94.1913,2015-08-01,1317.843994140625,8.921306610107422,317.4645080566406,4301.0,10.0,,,,,,1,landslide_event,event_date_standardized
41,24.004,93.9815,2015-08-01,1439.238037109375,32.67754364013672,106.71857452392578,4276.0,30.0,,,,,,1,landslide_event,event_date_standardized
266,25.1122,94.3591,2015-08-01,1847.1929931640625,21.42333221435547,243.3324432373047,4301.0,50.0,,,,,,1,landslide_event,event_date_standardized
306,24.3481,94.1146,2015-08-01,1018.9749755859376,21.91521644592285,319.4974060058594,4301.0,10.0,,,,,,1,landslide_event,event_date_standardized
120,24.9111,94.4759,2015-08-01,1826.7259521484373,27.59085273742676,56.02335739135742,4301.0,10.0,,,,,,1,landslide_event,event_date_standardized
185,23.9939,94.0573,2015-08-01,979.0990600585938,9.997483253479004,91.10256958007812,4301.0,10.0,,,,,,1,landslide_event,event_date_standardized
182,24.4072,94.0644,2015-08-01,1188.5931396484375,22.47879409790039,16.856178283691406,4276.0,10.0,,,,,,1,landslide_event,event_date_standardized
234,24.416,94.0984,2015-08-01,1394.78759765625,21.55358123779297,299.9535522460937,4301.0,10.0,,,,,,1,landslide_event,event_date_standardized
284,23.9278,94.0906,2015-08-01,936.3826904296876,14.197311401367188,63.31035614013672,3689.0,10.0,,,,,,1,landslide_event,event_date_standardized
256,25.72,94.6219,2015-08-02,1682.0732421875,49.365989685058594,188.25425720214844,4276.0,10.0,,,,,,1,landslide_event,event_date_standardized
133,24.7459,93.4251,2015-08-11,763.9928588867188,8.417471885681152,3.889544725418091,4301.0,50.0,,,,,,1,landslide_event,event_date_standardized
261,24.7016,93.5291,2015-08-11,666.1650390625,19.92926025390625,66.17134094238281,4301.0,10.0,,,,,,1,landslide_event,event_date_standardized
102,25.1019,93.3729,2015-08-11,1139.4647216796875,9.877705574035645,184.81100463867188,3665.0,50.0,,,,,,1,landslide_event,event_date_standardized
181,25.6237,94.1136,2015-08-12,1596.7413330078125,26.162267684936523,68.11961364746094,4276.0,30.0,,,,,,1,landslide_event,event_date_standardized
135,27.8835,96.9262,2015-08-16,992.7924194335938,36.79927444458008,216.0336761474609,11814.0,10.0,,,,,,1,landslide_event,event_date_standardized
171,28.1737,94.7596,2015-08-18,578.08349609375,25.219715118408203,79.98339080810547,11775.0,10.0,,,,,,1,landslide_event,event_date_standardized
34,25.5145,90.2023,2015-08-18,316.58819580078125,0.4093584716320038,2.702026844024658,3814.0,10.0,,,,,,1,landslide_event,event_date_standardized
105,25.6278,94.1051,2015-08-19,1512.023193359375,7.67141056060791,50.47274398803711,4276.0,60.0,,,,,,1,landslide_event,event_date_standardized
132,26.0214,94.5224,2015-08-19,1618.262451171875,31.08435821533203,246.3616943359375,4276.0,10.0,,,,,,1,landslide_event,event_date_standardized
134,25.2568,92.3825,2015-08-19,795.1814575195312,10.856196403503418,213.9329376220703,3646.0,30.0,,,,,,1,landslide_event,event_date_standardized
192,25.1416,92.3807,2015-08-19,154.7435760498047,11.907132148742676,108.38583374023438,3708.0,10.0,,,,,,1,landslide_event,event_date_standardized
259,25.2193,90.5549,2015-08-19,280.06549072265625,4.837197780609131,358.9378662109375,3814.0,10.0,,,,,,1,landslide_event,event_date_standardized
194,25.0728,92.3636,2015-08-19,134.29087829589844,12.368220329284668,153.619873046875,3708.0,10.0,,,,,,1,landslide_event,event_date_standardized
170,25.6263,94.1057,2015-08-20,1514.424072265625,15.54921531677246,92.20439910888672,4276.0,50.0,,,,,,1,landslide_event,event_date_standardized
229,26.1028,91.8806,2015-08-22,113.28022003173828,17.60340690612793,123.4119110107422,3814.0,30.0,,,,,,1,landslide_event,event_date_standardized
83,23.3572,92.7878,2015-08-26,1365.9925537109375,10.520837783813477,191.8934936523437,3665.0,30.0,,,,,,1,landslide_event,event_date_standardized
173,23.8447,93.0514,2015-08-26,1093.6075439453125,36.65387725830078,267.8105773925781,4301.0,10.0,,,,,,1,landslide_event,event_date_standardized
313,23.7269,92.7265,2015-08-27,830.5033569335938,41.94097137451172,154.52093505859375,3665.0,10.0,,,,,,1,landslide_event,event_date_standardized
231,24.042,92.6724,2015-08-27,804.6470336914062,6.917438983917236,125.98974609375,3665.0,50.0,,,,,,1,landslide_event,event_date_standardized
292,23.4495,92.8112,2015-08-28,849.9560546875,32.14229965209961,62.84455490112305,4301.0,10.0,,,,,,1,landslide_event,event_date_standardized
150,26.1868,91.6739,2015-09-01,50.55361557006836,3.721177577972412,313.0758972167969,3650.0,10.0,,,,,,1,landslide_event,event_date_standardized
186,26.49349035,91.72137514,2015-09-01,57.39784622192383,6.398752689361572,215.5794219970703,3650.0,10.0,,,,,,1,landslide_event,event_date_standardized
250,26.048,91.8695,2015-09-05,66.35061645507812,6.25981330871582,126.77867889404295,3814.0,50.0,,,,,,1,landslide_event,event_date_standardized
33,25.9703,91.8584,2015-09-06,285.7799377441406,5.6393232345581055,120.71436309814452,3814.0,10.0,,,,,,1,landslide_event,event_date_standardized
258,23.7348,92.7187,2015-09-14,1045.321044921875,20.19441604614257,11.448138236999512,7001.0,50.0,,,,,,1,landslide_event,event_date_standardized
195,23.7313,92.7187,2015-09-14,1020.4970092773438,17.155675888061523,57.22224426269531,7001.0,50.0,,,,,,1,landslide_event,event_date_standardized
91,26.1666,91.7042,2015-09-23,229.039794921875,18.53145217895508,210.8583221435547,3650.0,50.0,,,,,,1,landslide_event,event_date_standardized
215,25.583,91.893,2015-09-23,1445.709716796875,13.912297248840332,239.4311370849609,3646.0,50.0,,,,,,1,landslide_event,event_date_standardized
338,27.1758,88.5294,2016-01-14,304.3135681152344,7.230428218841553,263.4545593261719,3662.0,50.0,,,,,,1,landslide_event,event_date_only
321,26.7223,95.0243,2016-04-19,694.5234985351562,16.726797103881836,28.643535614013672,4276.0,50.0,,,,,,1,landslide_event,event_date_only
342,27.5799,91.8569,2016-04-22,2766.8056640625,22.40599822998047,243.9518280029297,11879.0,10.0,,,,,,1,landslide_event,event_date_only
334,28.0822,96.5316,2016-05-01,594.242431640625,24.947830200195312,227.651596069336,4351.0,10.0,,,,,,1,landslide_event,event_date_only
352,24.87,92.35,2016-05-18,18.72933959960937,3.2813942432403564,336.93231201171875,3708.0,10.0,,,,,,1,landslide_event,event_date_only
327,24.4638,92.4943,2016-05-18,104.1291046142578,9.694157600402832,210.014892578125,3665.0,10.0,,,,,,1,landslide_event,event_date_only
340,24.5204,92.7264,2016-05-18,37.724727630615234,4.965514183044434,332.6190795898437,3701.0,10.0,,,,,,1,landslide_event,event_date_only
325,24.5202,92.7239,2016-05-18,40.8049201965332,2.4934067726135254,44.05175018310547,3701.0,10.0,,,,,,1,landslide_event,event_date_only
349,24.5308,92.5121,2016-05-18,60.55363464355469,9.54898452758789,329.901123046875,3701.0,10.0,,,,,,1,landslide_event,event_date_only
322,27.6438,93.871,2016-06-12,1718.238037109375,34.03382110595703,277.4131774902344,11839.0,10.0,,,,,,1,landslide_event,event_date_only
324,26.1677,94.2442,2016-06-12,777.65380859375,19.665016174316406,253.51382446289065,4276.0,10.0,,,,,,1,landslide_event,event_date_only
336,26.3185,94.5247,2016-06-14,1166.3331298828125,3.8316009044647217,345.2371826171875,4276.0,10.0,,,,,,1,landslide_event,event_date_only
337,26.1961,91.7825,2016-06-22,118.33870697021484,4.6746134757995605,26.55876350402832,3650.0,10.0,,,,,,1,landslide_event,event_date_only
341,27.0136,92.6351,2016-07-01,228.27194213867188,4.294306755065918,155.18844604492188,11775.0,50.0,,,,,,1,landslide_event,event_date_only
332,25.9611,91.3681,2016-07-07,182.3294677734375,10.071325302124023,35.041587829589844,3648.0,10.0,,,,,,1,landslide_event,event_date_only
331,25.0118,94.3136,2016-07-07,1398.61669921875,1.1882646083831787,257.742919921875,4301.0,10.0,,,,,,1,landslide_event,event_date_only
328,25.7902,94.1318,2016-07-10,1280.449951171875,13.43272304534912,66.5816421508789,4276.0,10.0,,,,,,1,landslide_event,event_date_only
329,26.1699,94.4922,2016-07-11,1172.01806640625,31.737802505493164,318.75311279296875,4276.0,10.0,,,,,,1,landslide_event,event_date_only
344,26.1768,91.7702,2016-07-14,85.85330963134766,34.82474899291992,120.0568389892578,7001.0,10.0,,,,,,1,landslide_event,event_date_only
335,26.1963,91.8074,2016-07-14,170.9136199951172,15.63372039794922,118.5219497680664,3650.0,10.0,,,,,,1,landslide_event,event_date_only
348,27.3034,93.804,2016-07-16,721.4577026367188,37.36384582519531,83.02684020996094,11839.0,10.0,,,,,,1,landslide_event,event_date_only
351,28.235,94.9612,2016-07-19,335.8134460449219,46.51467514038086,13.88074016571045,11775.0,10.0,,,,,,1,landslide_event,event_date_only
326,25.203,90.5573,2016-07-19,155.5242919921875,25.422700881958008,153.64625549316406,3814.0,10.0,,,,,,1,landslide_event,event_date_only
323,26.09748244,91.8744337,2016-07-19,205.76043701171875,17.583864212036133,334.7571716308594,3814.0,10.0,,,,,,1,landslide_event,event_date_only
350,26.1966,91.802,2016-07-20,124.11662292480467,15.977131843566896,9.01478672027588,3650.0,10.0,,,,,,1,landslide_event,event_date_only
330,25.48,94.1383,2016-07-25,1701.351318359375,15.59140682220459,136.51828002929688,4276.0,50.0,,,,,,1,landslide_event,event_date_only
346,26.0101,94.5282,2016-07-26,1710.7818603515625,13.136102676391602,108.51004791259766,4276.0,10.0,,,,,,1,landslide_event,event_date_only
347,27.5748,91.8644,2016-07-28,2693.17724609375,7.516595363616943,63.39360427856445,11879.0,30.0,,,,,,1,landslide_event,event_date_only
345,23.5397,93.3783,2016-07-28,1562.1533203125,16.503074645996094,255.90419006347656,4301.0,30.0,,,,,,1,landslide_event,event_date_only
333,25.8702,94.7844,2016-07-28,1145.7412109375,10.672196388244627,221.54708862304688,4276.0,50.0,,,,,,1,landslide_event,event_date_only
343,27.5754,91.9754,2016-08-05,2414.574462890625,23.59556579589844,352.4862976074219,11879.0,30.0,,,,,,1,landslide_event,event_date_only
339,27.172,88.5292,2016-10-15,335.4233703613281,38.68427276611328,15.105154037475586,3662.0,10.0,,,,,,1,landslide_event,event_date_only
364,25.14435,93.94715,2017-06-04,1257.6201171875,15.882923126220703,155.53907775878906,4276.0,30.0,,,,,,1,landslide_event,event_date_only
363,26.11244444444445,94.75675,2018-05-21,1045.6080322265625,32.508907318115234,227.523178100586,4276.0,10.0,,,,,,1,landslide_event,event_date_only
362,24.781694444444444,93.77605555555556,2018-06-06,987.0897827148438,13.632092475891112,26.70398712158203,4276.0,50.0,,,,,,1,landslide_event,event_date_only
361,24.99288888888889,94.23058333333331,2018-07-01,990.2874755859376,40.22372817993164,252.7734832763672,4276.0,10.0,,,,,,1,landslide_event,event_date_only
360,27.31583333333333,88.60666666666665,2018-08-10,1490.2158203125,28.152433395385746,83.6025619506836,3662.0,30.0,,,,,,1,landslide_event,event_date_only
359,25.68176111111111,94.06811944444443,2019-10-26,1144.782470703125,31.05967903137207,33.65603256225586,4276.0,10.0,,,,,,1,landslide_event,event_date_only
358,25.62,91.8827222222222,2020-05-21,1254.337646484375,11.02405071258545,131.7313690185547,3647.0,50.0,,,,,,1,landslide_event,event_date_only
357,27.39305555555556,88.63527777777779,2020-05-24,1574.1639404296875,36.5161361694336,179.4974822998047,3662.0,30.0,,,,,,1,landslide_event,event_date_only
356,27.398666666666667,88.62358333333333,2020-05-24,1732.437255859375,41.680152893066406,177.45468139648438,3662.0,10.0,,,,,,1,landslide_event,event_date_only
355,25.515916666666666,94.1365277777778,2020-07-01,1698.6575927734375,15.16800594329834,22.56951904296875,4276.0,10.0,,,,,,1,landslide_event,event_date_only
353,24.85,93.5,2022-06-30,306.1405639648437,32.21190643310547,282.95050048828125,4301.0,10.0,,,,,,1,landslide_event,event_date_only
