event_record_id,latitude,longitude,event_date,elevation,slope,aspect,soil_id,landcover_class,rainfall_1d,rainfall_3d,rainfall_7d,rainfall_15d,rainfall_30d,label,sample_type,event_date_source,nearest_grid_distance_km,nearest_grid_latitude,nearest_grid_longitude,grid_distance_valid,rainfall_temporal_coverage,all_rainfall_features_available
18,27.4459,88.6193,2007-04-11,1961.0325927734373,11.777176856994627,153.777587890625,3662.0,10.0,,,,,,1,landslide_event,event_date_standardized,13.342160110076332,27.5,88.5,True,PRE_2009_NO_RAINFALL,False
24,27.3383,88.6069,2007-05-23,1509.061279296875,21.31390380859375,211.17257690429688,3662.0,50.0,,,,,,1,landslide_event,event_date_standardized,14.50619467628121,27.25,88.5,True,PRE_2009_NO_RAINFALL,False
303,26.8096,88.526,2007-06-15,164.79209899902344,9.189176559448242,83.54557800292969,3850.0,10.0,,,,,,1,landslide_event,event_date_standardized,7.123992672265185,26.75,88.5,True,PRE_2009_NO_RAINFALL,False
320,26.1699,91.7986,2007-07-19,150.23757934570312,16.003690719604492,192.49920654296875,3637.0,10.0,,,,,,1,landslide_event,event_date_standardized,10.150432068460255,26.25,91.75,True,PRE_2009_NO_RAINFALL,False
35,25.38,91.88,2007-07-26,1296.01123046875,35.4165153503418,132.4505157470703,3649.0,10.0,,,,,,1,landslide_event,event_date_standardized,17.940426451546426,25.5,92.0,True,PRE_2009_NO_RAINFALL,False
283,25.5212,90.232,2007-07-27,589.8731079101562,19.785993576049805,234.9150848388672,3814.0,10.0,,,,,,1,landslide_event,event_date_standardized,2.9658549561778402,25.5,90.25,True,PRE_2009_NO_RAINFALL,False
37,22.479,92.967,2007-07-30,430.4695739746094,17.275562286376953,160.86233520507812,4301.0,10.0,,,,,,1,landslide_event,event_date_standardized,4.038622430092368,22.5,93.0,True,PRE_2009_NO_RAINFALL,False
20,22.533,92.899,2007-07-30,811.10986328125,22.68686866760254,244.9351043701172,4301.0,30.0,,,,,,1,landslide_event,event_date_standardized,10.727932613447154,22.5,93.0,True,PRE_2009_NO_RAINFALL,False
285,24.9667,93.55,2007-08-26,570.7347412109375,27.5104923248291,202.4696807861328,4301.0,10.0,,,,,,1,landslide_event,event_date_standardized,6.216063726770827,25.0,93.5,True,PRE_2009_NO_RAINFALL,False
155,25.5576,91.8506,2007-08-26,1679.6717529296875,6.728731632232666,31.09918975830078,3646.0,10.0,,,,,,1,landslide_event,event_date_standardized,11.91236928449251,25.5,91.75,True,PRE_2009_NO_RAINFALL,False
213,25.2946,92.8339,2007-08-26,901.7193603515624,13.407937049865724,323.7056579589844,3646.0,30.0,,,,,,1,landslide_event,event_date_standardized,9.734199728461435,25.25,92.75,True,PRE_2009_NO_RAINFALL,False
82,25.7428,93.9136,2007-08-28,468.7663879394531,27.72938537597656,330.03515625,4276.0,10.0,,,,,,1,landslide_event,event_date_standardized,8.659515907173796,25.75,94.0,True,PRE_2009_NO_RAINFALL,False
154,25.1333,93.9667,2007-08-31,1009.0635986328124,1.7692397832870483,224.24708557128903,4276.0,40.0,,,,,,1,landslide_event,event_date_standardized,13.40935674965096,25.25,94.0,True,PRE_2009_NO_RAINFALL,False
163,25.0604,93.9877,2007-09-08,1517.0406494140625,35.30424499511719,13.271148681640623,4276.0,30.0,,,,,,1,landslide_event,event_date_standardized,6.834854868662734,25.0,94.0,True,PRE_2009_NO_RAINFALL,False
282,25.4993,94.1192,2007-09-09,1949.779052734375,18.59279441833496,305.9911193847656,4276.0,10.0,,,,,,1,landslide_event,event_date_standardized,11.895895764759146,25.5,94.0,True,PRE_2009_NO_RAINFALL,False
180,24.2451,94.0691,2007-09-10,1282.6968994140625,40.48271179199219,109.07666778564452,4301.0,10.0,,,,,,1,landslide_event,event_date_standardized,6.91741864737948,24.25,94.0,True,PRE_2009_NO_RAINFALL,False
68,27.3425,88.6236,2007-09-10,2073.262451171875,35.22848892211914,165.079345703125,3662.0,10.0,,,,,,1,landslide_event,event_date_standardized,16.06785962725548,27.25,88.5,True,PRE_2009_NO_RAINFALL,False
274,25.52,91.27,2007-09-11,1342.830810546875,15.80071258544922,30.835792541503903,3647.0,10.0,,,,,,1,landslide_event,event_date_standardized,2.990071075258142,25.5,91.25,True,PRE_2009_NO_RAINFALL,False
72,24.4279,94.0564,2007-09-11,905.3639526367188,5.130692005157471,348.8346862792969,4276.0,30.0,,,,,,1,landslide_event,event_date_standardized,9.803017850333077,24.5,94.0,True,PRE_2009_NO_RAINFALL,False
278,26.1833,91.8,2007-09-13,66.86455535888672,1.5381957292556765,139.26780700683594,3637.0,50.0,,,,,,1,landslide_event,event_date_standardized,8.945904307070114,26.25,91.75,True,PRE_2009_NO_RAINFALL,False
88,24.1293,92.6921,2007-09-29,820.6981811523438,4.077516555786133,10.126261711120604,3665.0,10.0,,,,,,1,landslide_event,event_date_standardized,14.626073443068316,24.25,92.75,True,PRE_2009_NO_RAINFALL,False
299,25.7055,94.0132,2007-10-16,1454.852783203125,16.8386173248291,131.76889038085938,4276.0,10.0,,,,,,1,landslide_event,event_date_standardized,5.12589756053606,25.75,94.0,True,PRE_2009_NO_RAINFALL,False
298,25.4379,94.1162,2007-10-19,1501.2679443359375,24.711652755737305,170.06182861328125,4276.0,10.0,,,,,,1,landslide_event,event_date_standardized,13.50045479909584,25.5,94.0,True,PRE_2009_NO_RAINFALL,False
12,24.75,93.4333,2007-10-21,443.1056213378906,37.95195770263672,184.34169006347656,4301.0,10.0,,,,,,1,landslide_event,event_date_standardized,6.656369329934023,24.75,93.5,True,PRE_2009_NO_RAINFALL,False
167,24.9849,92.8411,2008-05-20,261.36444091796875,18.75289535522461,259.7520446777344,3708.0,10.0,,,,,,1,landslide_event,event_date_standardized,9.245473335764633,25.0,92.75,True,PRE_2009_NO_RAINFALL,False
219,24.6596,93.9784,2008-06-09,781.507080078125,7.111842155456543,18.54226875305176,4331.0,10.0,,,,,,1,landslide_event,event_date_standardized,10.291604387964144,24.75,94.0,True,PRE_2009_NO_RAINFALL,False
201,27.0998,93.6287,2008-06-14,406.5574340820313,8.568331718444824,317.7657470703125,11775.0,50.0,,,,,,1,landslide_event,event_date_standardized,16.43053184742482,27.0,93.75,True,PRE_2009_NO_RAINFALL,False
32,27.2298,94.0989,2008-06-15,94.88673400878906,1.5331401824951172,306.0379638671875,3683.0,10.0,,,,,,1,landslide_event,event_date_standardized,10.122708373595113,27.25,94.0,True,PRE_2009_NO_RAINFALL,False
96,24.9336,93.8275,2008-06-19,1016.5741577148438,14.779629707336426,122.88011932373048,4276.0,30.0,,,,,,1,landslide_event,event_date_standardized,10.698304823473922,25.0,93.75,True,PRE_2009_NO_RAINFALL,False
264,25.705,94.04,2008-08-07,1042.6005859375,14.581320762634276,25.04717063903809,4276.0,10.0,,,,,,1,landslide_event,event_date_standardized,6.405369673983306,25.75,94.0,True,PRE_2009_NO_RAINFALL,False
161,27.163,94.0,2008-08-14,95.43927764892578,3.058333396911621,62.02885818481445,3683.0,60.0,,,,,,1,landslide_event,event_date_standardized,9.684839999999895,27.25,94.0,True,PRE_2009_NO_RAINFALL,False
184,26.138,94.25,2008-08-19,1012.0200805664062,12.386430740356444,272.8748474121094,4276.0,10.0,,,,,,1,landslide_event,event_date_standardized,12.467839999999796,26.25,94.25,True,PRE_2009_NO_RAINFALL,False
197,27.337,88.609,2008-08-28,1553.279052734375,18.342702865600582,213.3033599853516,3662.0,50.0,,,,,,1,landslide_event,event_date_standardized,14.564375263842926,27.25,88.5,True,PRE_2009_NO_RAINFALL,False
187,25.67,94.1066,2008-08-29,1442.8421630859375,19.77898979187012,310.3852844238281,4276.0,50.0,,,,,,1,landslide_event,event_date_standardized,13.873764425652661,25.75,94.0,True,PRE_2009_NO_RAINFALL,False
47,27.4,92.35,2008-10-29,2630.97021484375,23.09853172302246,283.1123962402344,11879.0,10.0,,,,,,1,landslide_event,event_date_standardized,14.950355376288282,27.5,92.25,True,PRE_2009_NO_RAINFALL,False
142,26.3333,91.25,2008-10-29,41.574737548828125,0.3334966897964477,161.02320861816406,3650.0,40.0,,,,,,1,landslide_event,event_date_standardized,9.27295600000025,26.25,91.25,True,PRE_2009_NO_RAINFALL,False
87,27.2333,94.1167,2008-10-29,90.6147689819336,0.1822718381881714,21.21961212158203,3683.0,10.0,,,,,,1,landslide_event,event_date_standardized,11.793595205531272,27.25,94.0,True,PRE_2009_NO_RAINFALL,False
0,27.478,88.527,2009-07-01,746.7476196289062,21.305740356445312,190.0960235595703,3662.0,10.0,12.966178894042969,67.4974136352539,147.22596216201782,202.08282732963562,371.9279283285141,1,landslide_event,event_date_standardized,3.641158055957273,27.5,88.5,True,FULL,True
209,27.7,92.8,2009-08-12,2444.436279296875,14.2368745803833,222.82147216796875,11864.0,10.0,16.534317016601562,25.055775344371796,46.018175542354584,285.57811015844345,611.2121159881353,1,landslide_event,event_date_standardized,7.475177688144578,27.75,92.75,True,FULL,True
38,27.15977181,88.63411246,2009-08-16,812.6243286132812,40.2085075378418,47.09462738037109,3662.0,10.0,79.59229278564453,121.57568740844727,249.7219684123993,459.09509843587875,862.8805512785912,1,landslide_event,event_date_standardized,15.317861277738473,27.25,88.75,True,FULL,True
29,24.9925,93.5,2009-08-20,1213.68408203125,21.690649032592773,65.05585479736328,4301.0,50.0,5.58575963973999,9.435453534126282,95.89020216464996,128.2826610803604,207.5699042826891,1,landslide_event,event_date_standardized,0.8349000000002889,25.0,93.5,True,FULL,True
22,27.1761,88.5287,2009-08-20,299.4311218261719,5.506807327270508,235.9091186523437,3662.0,50.0,31.10710906982422,160.5953025817871,290.16262555122375,416.13932728767395,768.958838403225,1,landslide_event,event_date_standardized,8.710876011529407,27.25,88.5,True,FULL,True
9,25.5215,93.1645,2009-08-20,270.9970092773437,6.731748104095459,119.65299224853516,4276.0,10.0,2.442675828933716,8.788684248924255,46.95514380931854,117.19757667183876,173.19814524054527,1,landslide_event,event_date_standardized,8.861844711415964,25.5,93.25,True,FULL,True
146,25.1718,93.123,2009-08-27,723.78369140625,10.260483741760254,205.0050048828125,4276.0,30.0,29.43846893310547,44.75821304321289,49.41570468246937,95.48976458609104,263.3460651785135,1,landslide_event,event_date_standardized,15.048362391315125,25.25,93.0,True,FULL,True
211,24.8628,94.4182,2009-08-30,905.5567016601562,33.573360443115234,186.70074462890625,4301.0,10.0,1.4216063022613523,6.524518728256226,20.83163273334503,84.15378892421722,226.60519456863403,1,landslide_event,event_date_standardized,14.977143755796364,24.75,94.5,True,FULL,True
158,27.1954,88.6115,2009-09-17,478.9856262207031,13.082609176635742,137.0054473876953,3662.0,10.0,47.973899841308594,68.90163958072662,84.53075763583183,229.94487926363945,494.12554144859314,1,landslide_event,event_date_standardized,12.679032013668987,27.25,88.5,True,FULL,True
193,23.73478778,92.72124394,2009-10-05,974.2714233398438,25.156400680541992,21.64884757995605,7001.0,30.0,4.063979148864746,4.318403609097004,4.777386732399464,111.63170785456896,280.0219880118966,1,landslide_event,event_date_standardized,3.3321214278106157,23.75,92.75,True,FULL,True
116,24.7339,93.9161,2010-03-27,879.9097900390625,23.49284172058105,117.61614227294922,4276.0,30.0,9.469091415405272,9.645194530487059,9.645194530487059,9.827642023563383,25.44571727514267,1,landslide_event,event_date_standardized,8.562526356669924,24.75,94.0,True,FULL,True
19,25.1553,93.028,2010-04-01,576.326904296875,27.646631240844727,355.6628112792969,4276.0,10.0,37.55191421508789,72.33977699279785,133.1730318069458,133.1730318069458,149.7027199268341,1,landslide_event,event_date_standardized,10.906045927062511,25.25,93.0,True,FULL,True
221,27.8997,93.3497,2010-04-02,870.244873046875,7.713263034820557,211.4642028808593,11864.0,50.0,25.304676055908203,80.80371284484863,147.22974848747253,196.88112235069275,242.54127341508865,1,landslide_event,event_date_standardized,14.955303936336188,28.0,93.25,True,FULL,True
52,27.3341,88.6083,2010-04-17,1437.78466796875,31.77921867370605,256.06817626953125,3662.0,10.0,20.994691848754883,27.638539791107178,96.77934432029724,142.370081782341,308.63104800879955,1,landslide_event,event_date_standardized,14.298855909174883,27.25,88.5,True,FULL,True
198,27.322,88.6087,2010-04-17,1515.9171142578125,41.73021697998047,291.3511962890625,3662.0,10.0,20.994691848754883,27.638539791107178,96.77934432029724,142.370081782341,308.63104800879955,1,landslide_event,event_date_standardized,13.48759925995296,27.25,88.5,True,FULL,True
117,26.1978,91.7665,2010-04-20,86.62431335449219,18.580564498901367,80.6427001953125,3650.0,50.0,28.944425582885746,85.79954528808594,119.32504653930664,127.25461696088314,202.7015015333891,1,landslide_event,event_date_standardized,6.039701100288042,26.25,91.75,True,FULL,True
228,26.1965,91.763,2010-04-20,96.65662384033205,9.91713809967041,137.4087371826172,3650.0,50.0,28.944425582885746,85.79954528808594,119.32504653930664,127.25461696088314,202.7015015333891,1,landslide_event,event_date_standardized,6.095285829731352,26.25,91.75,True,FULL,True
39,27.8965,96.1779,2010-04-21,210.589599609375,5.63365364074707,315.86431884765625,3637.0,10.0,95.70874786376952,177.4802074432373,213.02667880058289,349.68026304244995,620.0422768592834,1,landslide_event,event_date_standardized,13.583798339198339,28.0,96.25,True,FULL,True
308,25.3612,92.2845,2010-04-21,1223.6009521484375,9.077141761779783,79.6989517211914,3646.0,30.0,23.4087028503418,86.16457939147949,138.76943063735962,182.75999683141708,437.6678427308798,1,landslide_event,event_date_standardized,12.84866513045613,25.25,92.25,True,FULL,True
224,25.3433,92.2897,2010-05-11,1199.6312255859375,6.1593546867370605,113.76013946533205,3646.0,30.0,15.795374870300291,29.95525884628296,61.69495838880539,108.74590323865414,452.8481892198324,1,landslide_event,event_date_standardized,11.116149737994583,25.25,92.25,True,FULL,True
199,28.4298,95.8776,2010-05-31,524.8622436523438,10.550423622131348,307.4333801269531,11790.0,10.0,1.033973217010498,3.306497097015381,25.406718730926514,77.12549543380737,296.62395945191383,1,landslide_event,event_date_standardized,14.500857594797584,28.5,96.0,True,FULL,True
254,27.3543,88.6428,2010-05-31,2121.573486328125,21.04854965209961,78.2112808227539,3662.0,10.0,23.793811798095703,59.58388113975525,93.4936797618866,169.77559304237366,251.1324947923422,1,landslide_event,event_date_standardized,15.787874698867908,27.25,88.75,True,FULL,True
216,24.6005,92.3814,2010-06-03,103.36077880859376,19.323692321777344,352.72100830078125,3708.0,10.0,16.55670928955078,71.39928817749023,112.19475013017654,341.4983385205269,490.29601269960403,1,landslide_event,event_date_standardized,16.286467565725378,24.5,92.5,True,FULL,True
122,23.8986,91.7599,2010-06-03,175.7871551513672,14.356929779052734,8.92135238647461,3665.0,10.0,42.11566925048828,52.82124066352844,196.87387204170227,447.60647970438004,600.0955194532871,1,landslide_event,event_date_standardized,11.331002194916897,24.0,91.75,True,FULL,True
189,24.7543,93.5039,2010-06-07,394.7284240722656,13.277341842651367,353.5431213378906,4301.0,10.0,15.09889316558838,34.22992420196533,67.91925168037415,143.30045688152313,234.77660846710205,1,landslide_event,event_date_standardized,0.6169357272289104,24.75,93.5,True,FULL,True
10,25.8833,91.2,2010-06-09,234.8751678466797,13.758164405822754,136.6505889892578,3814.0,10.0,25.58313751220703,65.18169260025024,199.6275191307068,320.0973685979843,465.67318445444107,1,landslide_event,event_date_standardized,13.916362659806309,26.0,91.25,True,FULL,True
304,25.2269,93.1658,2010-06-15,394.0172424316406,3.3200032711029053,312.7441101074219,4276.0,40.0,18.79496955871582,43.38160037994385,82.17159779369831,176.35651750862598,285.90802474319935,1,landslide_event,event_date_standardized,8.787462798543766,25.25,93.25,True,FULL,True
295,26.3335,94.5512,2010-06-15,1372.5592041015625,25.05665397644043,187.59539794921875,4276.0,50.0,29.66444969177246,57.24293613433838,82.78889691829681,155.1510088443756,240.0187568962574,1,landslide_event,event_date_standardized,10.607001552999373,26.25,94.5,True,FULL,True
262,25.0633,92.8025,2010-06-16,85.09440612792969,16.955944061279297,134.39682006835938,3701.0,10.0,9.579708099365234,25.376970291137695,46.326197147369385,231.25577878952026,362.0772542655468,1,landslide_event,event_date_standardized,8.780883457322298,25.0,92.75,True,FULL,True
85,26.4333,94.8833,2010-06-17,568.129638671875,26.82391357421875,329.2273254394531,4276.0,10.0,18.71483993530273,83.41134643554688,182.567156791687,306.5471782684326,448.33471359312534,1,landslide_event,event_date_standardized,13.811738546610705,26.5,95.0,True,FULL,True
160,25.4916,91.2698,2010-06-28,1479.3677978515625,9.688231468200684,159.8080596923828,3647.0,10.0,275.992919921875,682.1831359863281,960.6376099586487,1674.4413046836853,2763.7384600639343,1,landslide_event,event_date_standardized,2.1860426912908295,25.5,91.25,True,FULL,True
15,25.5728,91.885,2010-06-28,1506.6357421875,7.491045475006103,315.9411926269531,3646.0,50.0,55.83925247192383,144.93849754333496,196.6080787330866,523.0802705436945,605.55607663095,1,landslide_event,event_date_standardized,14.049426953079616,25.5,92.0,True,FULL,True
104,26.2363,94.8133,2010-07-06,1558.9539794921875,16.332609176635742,47.38410949707031,4276.0,50.0,25.41084289550781,50.20871686935424,94.74422717094421,180.4247269630432,359.69129943847656,1,landslide_event,event_date_standardized,6.498552195726651,26.25,94.75,True,FULL,True
114,25.8877,94.7861,2010-07-06,1171.9498291015625,6.588235855102539,272.0567932128906,4276.0,50.0,18.506322860717773,32.04225826263428,83.3467630147934,162.2573435306549,337.9369192123413,1,landslide_event,event_date_standardized,13.009988151726423,26.0,94.75,True,FULL,True
305,26.7225,95.0281,2010-07-06,705.9417724609375,11.936344146728516,315.3321838378906,4276.0,10.0,33.48929214477539,108.63214111328125,153.73481917381287,292.67084670066833,626.0549881458282,1,landslide_event,event_date_standardized,4.151556101263387,26.75,95.0,True,FULL,True
148,26.0093,94.5238,2010-07-06,1806.620361328125,18.33163070678711,128.7078399658203,4276.0,50.0,19.622175216674805,31.43616509437561,81.99560499191284,158.84711396694183,330.4751490354538,1,landslide_event,event_date_standardized,2.5909590419976176,26.0,94.5,True,FULL,True
268,26.7215,95.0283,2010-07-19,727.4697265625,17.821475982666016,8.26441478729248,4276.0,50.0,43.551300048828125,94.09831047058105,165.93157386779785,286.0481045246124,583.5468263626099,1,landslide_event,event_date_standardized,4.247554293479214,26.75,95.0,True,FULL,True
46,26.8716,94.9921,2010-07-20,278.34490966796875,16.843189239501953,164.58840942382812,3637.0,10.0,16.527761459350586,88.61874580383301,148.33645629882812,283.46459889411926,577.3350915908813,1,landslide_event,event_date_standardized,13.559450908409461,26.75,95.0,True,FULL,True
139,27.5509,88.6475,2010-07-21,1410.63623046875,49.52345657348633,212.1207275390625,3662.0,10.0,54.78919219970703,100.81463623046875,204.70117855072021,391.54718923568726,710.663156747818,1,landslide_event,event_date_standardized,11.693554559509277,27.5,88.75,True,FULL,True
103,27.3773,88.559,2010-07-21,1473.3265380859375,32.3568000793457,254.3673095703125,3662.0,10.0,32.674198150634766,71.37654113769531,133.50000667572021,266.7599277496338,501.24577474594116,1,landslide_event,event_date_standardized,14.87397623289739,27.5,88.5,True,FULL,True
177,25.0477,92.801,2010-07-25,169.20570373535156,25.28746223449707,91.56967163085938,3701.0,10.0,0.0,47.1279354095459,68.72676426172256,138.62138491868973,331.70755821466446,1,landslide_event,event_date_standardized,7.355237544741806,25.0,92.75,True,FULL,True
212,24.9786,93.5027,2010-07-29,1312.0723876953125,15.88975715637207,277.99920654296875,4301.0,10.0,31.371232986450195,67.53527688980103,84.47733008861542,183.38113129138947,295.45713816583157,1,landslide_event,event_date_standardized,2.3974377748285276,25.0,93.5,True,FULL,True
289,25.4196,94.1054,2010-07-29,1382.1925048828125,11.335694313049316,190.244384765625,4276.0,50.0,28.94656753540039,81.72849655151367,109.67711758613586,245.31355023384094,371.5266084074974,1,landslide_event,event_date_standardized,13.810966885020132,25.5,94.0,True,FULL,True
1,25.3098633,94.48214677,2010-07-29,1536.7576904296875,33.85165023803711,165.1502685546875,4276.0,30.0,27.368268966674805,100.36786985397339,130.9985806643963,254.81191131472588,389.7174042761326,1,landslide_event,event_date_standardized,6.898045209738157,25.25,94.5,True,FULL,True
188,24.9356,93.8443,2010-07-31,851.4636840820312,0.9459604024887084,229.7209625244141,4276.0,10.0,29.70224380493164,62.43260049819946,140.61913549900055,202.2441030740738,370.034099817276,1,landslide_event,event_date_standardized,11.830321086376273,25.0,93.75,True,FULL,True
269,23.7365,92.7146,2010-08-06,1028.4278564453125,39.21456909179688,261.27880859375,7001.0,50.0,40.94890213012695,56.952598094940186,124.14165353775024,294.6467547416687,451.1870174407959,1,landslide_event,event_date_standardized,3.8391277218722126,23.75,92.75,True,FULL,True
178,25.70223725,94.04619681,2010-08-13,1007.92724609375,10.117583274841309,80.53630065917969,4276.0,40.0,12.153491020202637,14.121664613485336,15.288082271814346,87.26657512784004,303.1204595863819,1,landslide_event,event_date_standardized,7.03734793579762,25.75,94.0,True,FULL,True
109,26.222,94.9152,2010-08-14,1778.078369140625,29.12509536743164,313.4775695800781,4276.0,10.0,24.14681625366211,49.55095386505127,79.44044828414917,180.9318710565567,392.01923340559006,1,landslide_event,event_date_standardized,9.018438380805305,26.25,95.0,True,FULL,True
79,26.0814,94.803,2010-08-14,947.626220703125,37.372291564941406,32.140419006347656,4276.0,10.0,12.533965110778809,25.197931051254272,45.82864475250244,145.9630540907383,329.8034137189388,1,landslide_event,event_date_standardized,10.492147011648164,26.0,94.75,True,FULL,True
272,26.148,94.8422,2010-08-14,1528.6558837890625,26.35123443603516,10.615458488464355,4276.0,10.0,19.046655654907227,38.311957359313965,69.36610317230225,175.20855033397675,370.97349494695663,1,landslide_event,event_date_standardized,14.614689932677669,26.25,94.75,True,FULL,True
28,25.31006064,94.48265093,2010-08-15,1534.9505615234375,29.56004524230957,126.68748474121094,4276.0,30.0,14.80260181427002,36.397499084472656,46.37282237410545,111.34195178747177,345.86844208836555,1,landslide_event,event_date_standardized,6.906485812219305,25.25,94.5,True,FULL,True
318,26.2753,94.6654,2010-08-17,1154.0389404296875,28.59084701538086,310.3680114746094,4276.0,10.0,16.19354248046875,80.32765769958496,124.79991388320923,220.3722287416458,424.57722276449203,1,landslide_event,event_date_standardized,8.900082074318888,26.25,94.75,True,FULL,True
84,25.61560252,94.11603493,2010-08-19,1607.4580078125,32.041446685791016,111.2265167236328,4276.0,30.0,15.093090057373049,26.05495548248291,78.83641457557678,88.71177771687508,341.3924062550068,1,landslide_event,event_date_standardized,17.311822348415866,25.5,94.0,True,FULL,True
80,24.8961,93.4957,2010-08-19,1017.2667846679688,16.193531036376953,125.95889282226562,4301.0,10.0,9.881393432617188,12.846706688404083,42.85710197687149,55.5944564640522,213.662605792284,1,landslide_event,event_date_standardized,11.574105780347441,25.0,93.5,True,FULL,True
77,26.1984,94.8158,2010-08-19,1878.4278564453125,22.23193359375,326.9003601074219,4276.0,10.0,16.913890838623047,38.646554470062256,133.17068815231323,177.89257776737213,414.2937816977501,1,landslide_event,event_date_standardized,8.72435924754095,26.25,94.75,True,FULL,True
137,25.5718,94.1211,2010-08-21,1618.675537109375,5.658908367156982,14.910490036010742,4276.0,50.0,32.590938568115234,60.28028202056885,103.6040735244751,133.09392449259758,313.6135528385639,1,landslide_event,event_date_standardized,14.489230152600518,25.5,94.0,True,FULL,True
236,25.4786,94.1327,2010-08-27,1762.3734130859375,7.410953044891357,343.1671142578125,4276.0,10.0,13.420442581176758,25.34966802597046,150.43415212631226,235.2209655046463,346.90620800852776,1,landslide_event,event_date_standardized,11.945970714255175,25.5,94.25,True,FULL,True
57,24.7505,93.4221,2010-08-27,793.0284423828125,6.406473159790039,252.3161773681641,4301.0,10.0,1.011186122894287,11.615530923008919,17.6162156611681,57.144831478595734,157.1561106145382,1,landslide_event,event_date_standardized,7.77427977336299,24.75,93.5,True,FULL,True
249,27.3392,88.6188,2010-08-27,1888.8125,25.99549102783203,134.21571350097656,3662.0,10.0,70.56049346923828,159.86095809936523,277.7849521636963,476.5526432991028,731.0437397956848,1,landslide_event,event_date_standardized,15.464733001247357,27.25,88.5,True,FULL,True
48,27.3702,88.7334,2010-09-04,3523.580078125,3.187097549438477,286.8574523925781,3717.0,30.0,9.774760246276855,35.791534185409546,58.56629776954651,419.2523229122162,821.6442582607269,1,landslide_event,event_date_standardized,13.482823073000517,27.25,88.75,True,FULL,True
244,28.3036,95.4112,2010-09-09,1800.0015869140625,48.01810836791992,112.00715637207033,11864.0,10.0,21.01597213745117,46.12934160232544,90.14911699295044,143.52643571794033,270.4125516265631,1,landslide_event,event_date_standardized,10.683378135900726,28.25,95.5,True,FULL,True
74,27.0011,93.7273,2010-09-10,109.28465270996094,3.8665931224823,325.0473327636719,3683.0,40.0,31.753637313842773,72.62800288200378,121.09361243247986,221.57005035877228,414.35951448976994,1,landslide_event,event_date_standardized,2.2686681772219788,27.0,93.75,True,FULL,True
312,25.63961883,94.11112157,2010-09-12,1493.7166748046875,24.355453491210938,92.02509307861328,4276.0,50.0,0.2190285325050354,6.0842514634132385,44.21942573785782,125.4026307463646,352.4340814948082,1,landslide_event,event_date_standardized,16.55179032246159,25.75,94.0,True,FULL,True
208,22.7176,92.8416,2010-09-13,729.5139770507812,31.68890953063965,90.78144073486328,4301.0,10.0,6.895749568939209,103.82600736618042,157.04517364501953,318.83132100105286,573.3590936660767,1,landslide_event,event_date_standardized,9.827094708824433,22.75,92.75,True,FULL,True
23,23.591,92.9296,2010-09-13,789.679931640625,8.309388160705566,274.537841796875,4301.0,10.0,9.57053565979004,53.63579559326172,73.79247260093689,277.674831032753,489.80572259426117,1,landslide_event,event_date_standardized,12.327958960510811,23.5,93.0,True,FULL,True
277,23.72988966,92.71495623,2010-09-13,990.5125732421876,27.76064109802246,292.2981872558594,3665.0,10.0,10.891241073608398,40.28853797912598,63.73694133758545,228.87560510635376,402.4348909854889,1,landslide_event,event_date_standardized,4.152375013700091,23.75,92.75,True,FULL,True
251,23.3439,93.0748,2010-09-13,1315.960693359375,32.6228141784668,98.87903594970705,4301.0,10.0,9.373889923095703,64.87385559082031,91.76750755310059,299.7439306974411,531.7310223579407,1,landslide_event,event_date_standardized,12.84469063301454,23.25,93.0,True,FULL,True
78,23.75406693,92.74128531,2010-09-13,978.6586303710938,30.205677032470703,80.6833267211914,3665.0,50.0,10.891241073608398,40.28853797912598,63.73694133758545,228.87560510635376,402.4348909854889,1,landslide_event,event_date_standardized,0.9804705011325303,23.75,92.75,True,FULL,True
106,23.74182634,92.7141905,2010-09-13,943.8895263671876,19.73172187805176,300.9390563964844,3665.0,50.0,10.891241073608398,40.28853797912598,63.73694133758545,228.87560510635376,402.4348909854889,1,landslide_event,event_date_standardized,3.687648186888321,23.75,92.75,True,FULL,True
247,23.73504471,92.71060943,2010-09-13,930.1307373046876,23.34025955200196,77.4193344116211,7001.0,50.0,10.891241073608398,40.28853797912598,63.73694133758545,228.87560510635376,402.4348909854889,1,landslide_event,event_date_standardized,4.269010781118442,23.75,92.75,True,FULL,True
169,24.3069,93.125,2010-09-16,762.8575439453125,17.920854568481445,34.35021209716797,4301.0,10.0,10.276330947875977,26.7875657081604,42.61375904083252,127.10220122337341,260.43650221824646,1,landslide_event,event_date_standardized,13.99045954709675,24.25,93.25,True,FULL,True
183,23.7527,92.694,2010-09-16,796.3433227539062,34.4484748840332,53.18932723999024,3665.0,10.0,22.77785301208496,55.6202278137207,97.70793318748474,244.52231168746948,436.8615756034851,1,landslide_event,event_date_standardized,5.596632597089686,23.75,92.75,True,FULL,True
300,28.3092,95.4149,2010-10-03,1865.764892578125,50.18288040161133,248.6693115234375,11909.0,10.0,0.0,1.3368525505065918,18.92806714773178,106.79207599163055,388.2404381632805,1,landslide_event,event_date_standardized,10.749623622805597,28.25,95.5,True,FULL,True
255,24.7679,93.4108,2010-10-08,516.0626220703125,25.266372680664062,256.58599853515625,4301.0,10.0,33.83208084106445,91.12721991539001,91.12721991539001,120.52556788921356,189.92254270613194,1,landslide_event,event_date_standardized,9.12206655472789,24.75,93.5,True,FULL,True
246,25.2745,94.0212,2010-10-08,1075.6785888671875,17.817461013793945,153.39553833007812,4276.0,50.0,56.53958511352539,90.1066083908081,95.95358610153198,160.28423690795898,278.0883677005768,1,landslide_event,event_date_standardized,3.451728976146817,25.25,94.0,True,FULL,True
157,24.837,93.9128,2010-10-08,799.0735473632812,14.031889915466309,156.2122344970703,4276.0,50.0,47.95542144775391,100.74873971939087,101.97395530343056,140.62452545762062,219.9328721910715,1,landslide_event,event_date_standardized,13.020140646931463,24.75,94.0,True,FULL,True
8,25.4769,94.1351,2010-10-08,1656.855224609375,16.573923110961914,105.01715850830078,4276.0,50.0,35.56514358520508,59.664742946624756,70.18750858306885,157.77062702178955,284.57874359190464,1,landslide_event,event_date_standardized,11.751324840893291,25.5,94.25,True,FULL,True
140,25.6633,94.4703,2010-10-08,1452.3546142578125,8.285400390625,288.7970275878906,4276.0,60.0,12.883556365966797,26.04239857196808,41.32770700752735,114.10094447433949,237.6149046868086,1,landslide_event,event_date_standardized,10.096299109873682,25.75,94.5,True,FULL,True
11,25.3179,94.0462,2010-10-09,1009.9530029296876,24.41946601867676,273.8585510253906,4276.0,10.0,28.13821601867676,107.72103118896484,120.40432810783386,162.46578216552734,301.15266489982605,1,landslide_event,event_date_standardized,8.853818862948163,25.25,94.0,True,FULL,True
123,25.5265,93.8673,2010-10-09,1390.6053466796875,25.933570861816406,306.7274475097656,4301.0,10.0,10.964430809020996,126.36729526519775,146.7715900540352,188.15738901495934,300.3552277982235,1,landslide_event,event_date_standardized,12.07201278879119,25.5,93.75,True,FULL,True
125,25.4788,94.1399,2010-10-09,1639.7330322265625,16.08685874938965,182.191650390625,4276.0,10.0,41.88436508178711,96.18423080444336,103.19754886627197,153.688889503479,321.852697506547,1,landslide_event,event_date_standardized,11.238090811506213,25.5,94.25,True,FULL,True
297,25.1796,93.0083,2010-10-09,688.9466552734375,3.927459955215454,110.28069305419922,4276.0,50.0,60.06459045410156,91.87438154220581,94.70729398727417,132.67486941814423,255.83079653978348,1,landslide_event,event_date_standardized,7.880579148223897,25.25,93.0,True,FULL,True
257,25.682,94.1076,2010-10-09,1441.904052734375,11.241731643676758,288.869384765625,4276.0,50.0,54.94748306274414,90.3361759185791,92.84922567009926,146.20140400528908,336.46804189682007,1,landslide_event,event_date_standardized,13.137965926670224,25.75,94.0,True,FULL,True
316,25.4749,93.1477,2010-10-09,152.47006225585938,6.1949968338012695,356.0416564941406,4276.0,10.0,45.33193206787109,99.71284103393555,109.77721172571182,137.43927091360092,241.46130859851837,1,landslide_event,event_date_standardized,10.584553736807978,25.5,93.25,True,FULL,True
42,25.5242,92.9914,2010-10-09,155.11376953125,8.515926361083984,40.887237548828125,4276.0,10.0,79.3075180053711,98.5780177116394,98.96363851428032,123.66852781176567,213.24820610880852,1,landslide_event,event_date_standardized,2.8273511459000833,25.5,93.0,True,FULL,True
115,25.6623,94.1072,2010-10-10,1382.5048828125,14.634651184082031,93.38544464111328,7001.0,10.0,0.0,73.32182312011719,92.84922567009926,138.996536642313,330.60281896591187,1,landslide_event,event_date_standardized,14.483119527571349,25.75,94.0,True,FULL,True
225,27.5798729,91.85672387,2010-11-22,2766.8056640625,22.40599822998047,243.9518280029297,11879.0,10.0,0.2666453123092651,46.72342503070831,63.58203852176666,80.17549335956573,82.69478156417608,1,landslide_event,event_date_standardized,13.874173787715776,27.5,91.75,True,FULL,True
51,28.0791,96.5242,2011-03-22,531.3464965820312,26.206382751464844,171.81964111328125,4351.0,50.0,0.0,0.0,0.0,0.0,0.0,1,landslide_event,event_date_standardized,9.130595211620893,28.0,96.5,True,FULL,True
61,25.0672,93.4093,2011-05-22,454.5387268066406,28.77771759033203,194.9974822998047,4301.0,10.0,2.186427593231201,101.82126569747925,113.17225587368011,176.10957449674606,264.66725324094296,1,landslide_event,event_date_standardized,11.74265499336821,25.0,93.5,True,FULL,True
248,25.0888,92.8551,2011-05-24,275.6462097167969,30.58514976501465,6.18858814239502,4276.0,10.0,59.9792366027832,98.89220857620239,312.5442866384983,355.1205853521824,455.1613607108593,1,landslide_event,event_date_standardized,14.412723158794106,25.0,92.75,True,FULL,True
245,25.1555,93.8474,2011-05-31,1345.8138427734375,30.899389266967773,187.8236389160156,4301.0,10.0,8.494384765625,29.768556594848633,58.26972007751465,87.5010815858841,171.05826115608215,1,landslide_event,event_date_standardized,14.322890317172066,25.25,93.75,True,FULL,True
31,24.8286,93.5935,2011-05-31,719.3284912109375,33.02092742919922,192.40737915039065,4301.0,10.0,85.97065734863281,131.88288116455078,136.64223051071167,404.130382835865,528.1601523756981,1,landslide_event,event_date_standardized,12.791548601917357,24.75,93.5,True,FULL,True
265,26.3186,94.5121,2011-06-20,1253.3843994140625,11.05461311340332,127.83020782470705,4276.0,10.0,9.766148567199709,12.473240338265898,19.892511926591396,105.93996315449476,258.36825858801603,1,landslide_event,event_date_standardized,7.731432503481738,26.25,94.5,True,FULL,True
151,25.51614662,94.2341227,2011-06-21,1648.3985595703125,23.469751358032227,266.4374389648437,4276.0,30.0,2.259432792663574,3.558150053024292,37.619282245635986,137.72731065750122,222.18925639986992,1,landslide_event,event_date_standardized,2.396119910057039,25.5,94.25,True,FULL,True
40,25.6682,94.1099,2011-06-28,1434.0286865234375,17.302640914916992,67.99267578125,4276.0,10.0,18.798561096191406,97.73524808883667,114.04740661382675,156.06910187005997,288.73304837942123,1,landslide_event,event_date_standardized,14.25502564121611,25.75,94.0,True,FULL,True
89,25.03561729,94.0144205,2011-06-28,856.09619140625,34.25163650512695,136.2344970703125,4276.0,10.0,22.39739990234375,77.90056276321411,109.1960940361023,176.67859542369843,300.13873195648193,1,landslide_event,event_date_standardized,4.218006902351622,25.0,94.0,True,FULL,True
26,25.5125,93.3613,2011-06-29,308.4480895996094,6.186566352844238,181.83233642578125,4255.0,10.0,4.690903186798096,71.93943452835083,104.75599998235703,171.9670199751854,316.5112116932869,1,landslide_event,event_date_standardized,11.194078130551627,25.5,93.25,True,FULL,True
237,25.8782,94.1739,2011-07-01,1350.1361083984375,22.48882484436035,38.70321273803711,4276.0,10.0,2.272146701812744,11.22082233428955,87.99057722091675,132.0253351330757,269.8615691065788,1,landslide_event,event_date_standardized,15.540786743310417,26.0,94.25,True,FULL,True
207,24.8063,93.9482,2011-07-06,781.77392578125,1.3385379314422607,70.32735443115234,7001.0,50.0,12.139857292175291,35.24129009246826,92.25179243087769,178.18338304758072,285.6766139268875,1,landslide_event,event_date_standardized,8.124167259379872,24.75,94.0,True,FULL,True
45,25.4191,94.1079,2011-07-07,1392.1922607421875,14.490296363830566,7.227597713470459,4276.0,40.0,2.180759191513061,23.93103814125061,57.369091868400574,184.4406454563141,336.29801070690155,1,landslide_event,event_date_standardized,14.037555345797097,25.5,94.0,True,FULL,True
263,25.6703,94.1095,2011-07-11,1436.1641845703125,24.053451538085938,95.30050659179688,4276.0,50.0,31.042171478271484,31.61304897069931,55.20523315668106,185.56546765565872,254.475634932518,1,landslide_event,event_date_standardized,14.075828365004066,25.75,94.0,True,FULL,True
232,27.125,93.7145,2011-07-15,132.5273895263672,0.3987009823322296,103.08811950683594,11775.0,60.0,72.29249572753906,95.41388034820557,110.66745901107788,219.11193698644638,375.93594217300415,1,landslide_event,event_date_standardized,14.358909054280184,27.0,93.75,True,FULL,True
165,27.2743,92.9064,2011-07-16,644.3753051757812,18.432647705078125,270.1038513183594,11775.0,10.0,16.304025650024414,94.55690574645996,143.87315613031387,259.69406682252884,391.0672433376312,1,landslide_event,event_date_standardized,9.724676231818446,27.25,93.0,True,FULL,True
159,27.1032,93.6884,2011-07-19,150.3795928955078,1.9931442737579343,32.07267761230469,7001.0,50.0,50.41462707519531,60.492212653160095,175.24139153957367,241.13720971345901,433.3632103204727,1,landslide_event,event_date_standardized,13.029580173656578,27.0,93.75,True,FULL,True
293,24.7992,93.948,2011-07-22,782.2091674804688,1.4935643672943115,346.2854309082031,7001.0,60.0,0.8111542463302612,8.961729884147644,50.00461161136627,84.15591204166412,261.40960282087326,1,landslide_event,event_date_standardized,7.544965988443494,24.75,94.0,True,FULL,True
49,24.3527,94.3429,2011-07-22,277.8223876953125,26.78093147277832,96.16568756103516,3689.0,10.0,0.0,0.0,0.0,0.0,0.0,1,landslide_event,event_date_standardized,14.71921334834093,24.25,94.25,True,FULL,True
153,26.5836,93.0038,2011-07-24,67.93389892578125,2.0677976608276367,39.95708084106445,3637.0,40.0,4.675419807434082,25.667008876800537,68.68645131587982,187.92806634306908,300.48267552256584,1,landslide_event,event_date_standardized,9.314075260884247,26.5,93.0,True,FULL,True
43,24.6869,93.9157,2011-07-25,771.6426391601562,0.2212255597114563,345.017333984375,4331.0,40.0,22.032684326171875,25.624216318130493,48.22605526447296,107.86425197124481,246.6343678832054,1,landslide_event,event_date_standardized,10.959718128156696,24.75,94.0,True,FULL,True
144,25.4192,94.108,2011-07-29,1384.0423583984375,14.964365005493164,41.47489929199219,4276.0,30.0,10.238118171691896,12.082259178161623,72.69927477836609,128.32813692092896,275.1369628608227,1,landslide_event,event_date_standardized,14.03807670687328,25.5,94.0,True,FULL,True
98,27.1034,93.6885,2011-08-05,149.83685302734375,3.523525714874268,54.13344955444336,7001.0,50.0,37.20277404785156,70.83287221193314,107.02827817201614,201.03183776140213,413.9096266031265,1,landslide_event,event_date_standardized,13.044516297689862,27.0,93.75,True,FULL,True
217,27.44,92.2833,2011-08-12,2629.98583984375,5.943219661712647,54.262969970703125,11864.0,10.0,1.4935989379882812,1.4935989379882812,10.624203950166702,84.99479004740715,212.05893751978874,1,landslide_event,event_date_standardized,7.460250456215238,27.5,92.25,True,FULL,True
204,25.7713,93.8067,2011-08-13,237.25320434570312,6.35941743850708,39.83789443969727,4276.0,10.0,40.099891662597656,43.077023446559906,73.5117124915123,103.12028765678406,240.3707685470581,1,landslide_event,event_date_standardized,6.135130620475073,25.75,93.75,True,FULL,True
99,27.4888,93.0153,2011-08-15,573.1685180664062,33.45001983642578,322.15582275390625,11775.0,10.0,28.27663803100586,56.81496810913086,61.48886328935623,148.96984840929508,461.9099376350641,1,landslide_event,event_date_standardized,1.9712464310433622,27.5,93.0,True,FULL,True
273,25.5144,90.2167,2011-08-16,309.9352111816406,6.40664529800415,256.3793029785156,3814.0,10.0,48.94815444946289,80.40783405303955,93.41206982731819,217.93789991736412,384.70542100071907,1,landslide_event,event_date_standardized,3.6896150039726394,25.5,90.25,True,FULL,True
290,25.83,94.13,2011-08-18,1017.9199829101562,8.591971397399902,12.90983772277832,4276.0,40.0,0.0,12.52111554145813,66.35627233982086,145.07458984851837,290.4925365447998,1,landslide_event,event_date_standardized,14.923865520144085,25.75,94.25,True,FULL,True
280,27.7344,88.633,2011-08-25,3494.92578125,27.95033836364746,123.51553344726562,3717.0,10.0,5.8755784034729,27.652955055236816,67.17195880413055,178.60895669460297,395.6886729001999,1,landslide_event,event_date_standardized,11.804525931790447,27.75,88.75,True,FULL,True
112,24.808,93.117,2011-09-06,38.38522338867188,5.054456233978272,326.4285583496094,3701.0,50.0,73.51335144042969,77.611631244421,106.29979285597801,258.5888700783253,490.7533649504185,1,landslide_event,event_date_standardized,13.34234790932432,24.75,93.0,True,FULL,True
36,26.1548,91.7351,2011-09-23,53.39770126342773,1.52072274684906,303.621826171875,7001.0,50.0,0.3357650637626648,10.918534934520721,40.93849831819534,73.76714119315147,159.75566437840462,1,landslide_event,event_date_standardized,10.70147268511502,26.25,91.75,True,FULL,True
27,27.5161,88.5575,2011-09-30,1358.0126953125,26.525320053100582,328.2363586425781,3662.0,10.0,0.0,0.0,21.21012020111084,81.3719379901886,180.73885935544968,1,landslide_event,event_date_standardized,6.011628204130845,27.5,88.5,True,FULL,True
196,25.1604,93.6795,2012-03-04,1100.0721435546875,22.64996719360352,301.0080871582031,4301.0,10.0,0.0,0.0,0.0,0.0,8.517873764038086,1,landslide_event,event_date_standardized,12.20596852181557,25.25,93.75,True,FULL,True
56,28.4659,95.86,2012-04-08,1061.6243896484375,32.83844375610352,40.92158508300781,11790.0,10.0,0.0,0.0,0.0,0.0,0.0,1,landslide_event,event_date_standardized,11.615320330308425,28.5,95.75,True,FULL,True
241,28.8254,96.1517,2012-06-02,3579.512939453125,23.55665779113769,91.92863464355467,11727.0,10.0,0.0,0.0,0.0,0.0,0.0,1,landslide_event,event_date_standardized,12.910680783835467,28.75,96.25,True,FULL,True
64,26.1475,91.7356,2012-06-02,50.44081878662109,0.93340265750885,174.85855102539062,7001.0,50.0,5.887123107910156,10.91177773475647,11.084676340222359,43.91005797684193,97.69404776394367,1,landslide_event,event_date_standardized,11.500438236002992,26.25,91.75,True,FULL,True
286,25.1775,93.0123,2012-06-03,668.3739013671875,19.087387084960938,331.8041076660156,4276.0,10.0,20.120386123657227,70.54337728023529,91.80425474047661,115.0454795062542,188.92101421952248,1,landslide_event,event_date_standardized,8.163511581893113,25.25,93.0,True,FULL,True
287,25.3056,93.1265,2012-06-03,310.4130249023437,22.16777229309082,235.5619354248047,4276.0,10.0,13.409568786621094,54.58066105842591,63.68913823366166,72.02406936883926,109.31459432840347,1,landslide_event,event_date_standardized,13.791603490002958,25.25,93.25,True,FULL,True
21,25.1175,92.8573,2012-06-03,146.62811279296875,6.229365348815918,215.52430725097656,4276.0,10.0,25.88199615478516,94.66548824310303,136.91057640314102,189.79008227586746,344.50545340776443,1,landslide_event,event_date_standardized,16.90419564903041,25.0,92.75,True,FULL,True
200,27.7167,88.5577,2012-06-03,2668.882568359375,18.030498504638672,73.16909790039062,3717.0,30.0,5.238631725311279,22.844938278198242,53.26316261291504,81.80548334121704,157.17634665966034,1,landslide_event,event_date_standardized,6.8482471115064065,27.75,88.5,True,FULL,True
131,27.1748,88.6458,2012-06-07,938.9389038085938,15.19566535949707,244.69113159179688,3662.0,10.0,2.1644363403320312,19.3848614692688,65.17903319001198,137.8069117963314,224.80677047371864,1,landslide_event,event_date_standardized,13.34957473310815,27.25,88.75,True,FULL,True
152,27.7565,88.632,2012-06-07,3889.316650390625,18.53253555297852,48.37858581542969,3717.0,10.0,1.444369196891785,23.73372256755829,59.96366202831268,105.37248128652573,183.14807324111462,1,landslide_event,event_date_standardized,11.798095342484052,27.75,88.75,True,FULL,True
176,24.8142,93.5444,2012-06-10,517.7041015625,32.23862075805664,134.4281768798828,4301.0,10.0,12.212467193603516,27.262747764587402,111.47000694274902,235.24887830018997,438.1113298535347,1,landslide_event,event_date_standardized,8.40886791089114,24.75,93.5,True,FULL,True
175,25.5498,92.0757,2012-06-13,1276.3973388671875,19.963342666625977,337.19140625,3646.0,10.0,0.0,12.451897382736206,16.34803542494774,84.66502532362938,116.57366578280926,1,landslide_event,event_date_standardized,9.370375339696084,25.5,92.0,True,FULL,True
164,25.0951,92.3567,2012-06-13,247.15359497070312,26.163562774658203,253.6774444580078,3708.0,10.0,0.2043373882770538,22.738360673189163,48.86469069123268,278.0129019320011,451.9616045951843,1,landslide_event,event_date_standardized,15.015282776745655,25.0,92.25,True,FULL,True
281,27.339,88.6065,2012-06-14,1502.8668212890625,21.81838035583496,305.63134765625,3662.0,50.0,11.05727481842041,40.22348642349243,168.72104358673096,248.56034326553345,343.64015555381775,1,landslide_event,event_date_standardized,14.529884996523924,27.25,88.5,True,FULL,True
60,26.149,91.7351,2012-06-20,52.556583404541016,2.540988206863404,343.1995544433594,7001.0,50.0,5.163311004638672,14.724420547485352,69.34801578521729,134.53417932987213,239.88992996513844,1,landslide_event,event_date_standardized,11.3412203926989,26.25,91.75,True,FULL,True
214,26.1226,91.7162,2012-06-22,72.29875946044922,10.562407493591309,160.86668395996094,3814.0,50.0,10.85966682434082,16.130963563919067,37.73783314228058,76.13955250382423,190.84574636816978,1,landslide_event,event_date_standardized,14.058487567640391,26.0,91.75,True,FULL,True
240,26.1049,91.7369,2012-06-25,157.38409423828125,16.41172218322754,153.22520446777344,3814.0,10.0,27.653865814208984,33.66422748565674,55.35324263572693,105.86664214730263,218.66046258807182,1,landslide_event,event_date_standardized,11.750419230263583,26.0,91.75,True,FULL,True
203,26.9986,95.4993,2012-06-25,650.1611938476562,25.07476043701172,20.209487915039062,4276.0,10.0,3.394020795822144,54.56693363189697,101.21441592276096,193.16306246817112,314.3911446481943,1,landslide_event,event_date_standardized,0.17078815092346405,27.0,95.5,True,FULL,True
55,27.174,95.8011,2012-06-25,294.5935974121094,0.492451548576355,155.0437469482422,4276.0,40.0,3.400000095367432,54.59999847412109,101.19999952614307,193.19999761879444,313.64643712341785,1,landslide_event,event_date_standardized,9.878385459593384,27.25,95.75,True,FULL,True
267,28.9986,94.8885,2012-07-05,606.9176635742188,25.54982185363769,17.10862922668457,11790.0,10.0,0.0,0.0,0.0,0.0,0.0,1,landslide_event,event_date_standardized,11.128305448969309,29.0,95.0,True,FULL,True
2,27.8385,88.556,2012-09-19,3810.72802734375,17.237892150878906,202.5615692138672,3717.0,10.0,35.85348892211914,61.01907730102539,144.07147789001465,211.96603256464005,364.8764150738716,1,landslide_event,event_date_standardized,11.326531464713163,27.75,88.5,True,FULL,True
121,27.8458,95.2253,2012-09-19,133.93359375,0.1892804205417633,222.51046752929688,3650.0,40.0,0.0,0.0,0.0,0.0,14.388446792960167,1,landslide_event,event_date_standardized,10.945620672934776,27.75,95.25,True,FULL,True
3,27.6558,88.605,2012-09-19,1947.65869140625,9.8460693359375,248.90582275390625,3717.0,30.0,35.85348892211914,61.01907730102539,144.07147789001465,211.96603256464005,364.8764150738716,1,landslide_event,event_date_standardized,14.824414383242344,27.75,88.5,True,FULL,True
270,23.7705,92.5217,2012-11-11,78.01522064208984,9.64112663269043,297.8417358398437,3665.0,10.0,0.0,0.0,0.0,0.0,0.9057319164276123,1,landslide_event,event_date_standardized,3.146024712759685,23.75,92.5,True,FULL,True
101,28.1193,95.1645,2013-02-18,782.773681640625,35.69247817993164,220.4382781982422,11790.0,10.0,11.540975570678713,13.81069588661194,13.81069588661194,13.81069588661194,20.186997413635254,1,landslide_event,event_date_standardized,15.785280062496316,28.0,95.25,True,FULL,True
233,28.8254,96.1509,2013-04-07,3613.6435546875,25.2900390625,80.45932006835938,11727.0,10.0,3.4623863697052,56.19058966636657,75.08224356174469,158.71086013317108,276.3773621916771,1,landslide_event,event_date_standardized,12.971446737282836,28.75,96.25,True,FULL,True
227,24.2315,92.6755,2013-05-07,668.9224243164062,11.877516746520996,142.18495178222656,3665.0,50.0,3.9207494258880615,19.62464714050293,32.80175971984863,36.95974203944206,65.27729281783104,1,landslide_event,event_date_standardized,7.7147323395462895,24.25,92.75,True,FULL,True
315,24.0896,91.4663,2013-05-08,115.96711730957033,8.775213241577148,359.3273620605469,3665.0,10.0,131.0623016357422,216.97248458862305,344.22278022766113,406.40288066864014,461.05271196365356,1,landslide_event,event_date_standardized,10.525997906160184,24.0,91.5,True,FULL,True
127,26.1662,91.7138,2013-05-11,138.12319946289062,23.48808860778809,89.54366302490234,3650.0,50.0,18.460617065429688,50.2480673789978,63.19849902391434,98.04024106264114,149.67839747667313,1,landslide_event,event_date_standardized,10.003697889093802,26.25,91.75,True,FULL,True
202,26.1771,91.7599,2013-05-11,82.56718444824219,13.991209983825684,196.78944396972656,7001.0,50.0,18.460617065429688,50.2480673789978,63.19849902391434,98.04024106264114,149.67839747667313,1,landslide_event,event_date_standardized,8.175146711960412,26.25,91.75,True,FULL,True
226,26.1016,91.6906,2013-05-11,130.6619873046875,42.779632568359375,9.507113456726074,3648.0,10.0,10.408920288085938,59.66008186340332,89.82553148269653,117.61491167545319,174.40075302124023,1,landslide_event,event_date_standardized,12.769423290663545,26.0,91.75,True,FULL,True
222,23.7281,92.7175,2013-05-11,1080.629638671875,3.915915966033936,165.46482849121094,7001.0,50.0,24.61383628845215,74.89123153686523,158.64895343780518,196.24268579483032,218.83048433065414,1,landslide_event,event_date_standardized,4.057433785935599,23.75,92.75,True,FULL,True
291,24.9926,93.4946,2013-05-12,1131.0548095703125,7.089067935943604,275.1346130371094,4301.0,50.0,10.996254920959473,44.766655921936035,117.3556637763977,207.4058734178543,250.33468160778284,1,landslide_event,event_date_standardized,0.9843795611941958,25.0,93.5,True,FULL,True
63,27.8776,94.25,2013-06-01,931.5346069335938,38.28877258300781,151.0821533203125,11790.0,10.0,4.187518119812012,27.170024871826175,42.83531868457795,96.83439362049103,269.8711263537407,1,landslide_event,event_date_standardized,13.62556799999993,28.0,94.25,True,FULL,True
92,26.0977,94.7031,2013-06-07,1739.1412353515625,38.89234161376953,331.67437744140625,4276.0,10.0,10.568632125854492,24.728277683258057,35.075182527303696,62.039582937955856,282.55167481303215,1,landslide_event,event_date_standardized,11.840307566356667,26.0,94.75,True,FULL,True
50,26.0977,94.7499,2013-06-07,1552.9932861328125,6.022054195404053,259.7967834472656,4276.0,10.0,10.568632125854492,24.728277683258057,35.075182527303696,62.039582937955856,282.55167481303215,1,landslide_event,event_date_standardized,10.875968578522295,26.0,94.75,True,FULL,True
76,27.3721,88.708,2013-06-08,3126.398193359375,42.164588928222656,189.5157165527344,3662.0,50.0,19.11920547485352,92.66992950439453,202.47462691366673,345.29810567200184,432.5423953086138,1,landslide_event,event_date_standardized,14.22375182182046,27.25,88.75,True,FULL,True
108,27.3765,88.7628,2013-06-27,3751.0,9.637657165527344,180.0,3717.0,30.0,6.479767799377441,88.523118019104,113.20369175076485,189.29021868109703,547.6903359293938,1,landslide_event,event_date_standardized,13.807235942213733,27.5,88.75,True,FULL,True
67,26.1147,94.3864,2013-07-01,338.0,10.04387378692627,270.0,4276.0,10.0,4.990725517272949,22.503785967826843,55.738601326942444,76.02569288015366,149.1478509157896,1,landslide_event,event_date_standardized,17.07497682613679,26.0,94.5,True,FULL,True
143,26.72,95.029,2013-07-01,680.9931640625,5.592322826385498,161.8843231201172,4276.0,50.0,11.359617233276367,29.324591159820557,115.74862051010132,201.13256859779358,313.9474723935127,1,landslide_event,event_date_standardized,4.419116460094661,26.75,95.0,True,FULL,True
7,25.616,94.1167,2013-07-12,1583.0235595703125,16.498443603515625,99.55950164794922,4276.0,10.0,36.75754165649414,76.48665428161621,137.38618755340576,264.3466557264328,307.697790145874,1,landslide_event,event_date_standardized,17.38912048990366,25.5,94.0,True,FULL,True
71,25.6269,94.1139,2013-07-12,1567.893310546875,14.322092056274414,40.1620979309082,4276.0,50.0,39.60411834716797,78.5801649093628,150.40763926506042,285.45583817362785,328.89845399558544,1,landslide_event,event_date_standardized,17.804159605700775,25.75,94.0,True,FULL,True
93,25.6269,94.1139,2013-07-15,1567.893310546875,14.322092056274414,40.1620979309082,4276.0,50.0,1.2756764888763428,10.445794582366943,107.74848222732544,268.34244510531425,338.12488977611065,1,landslide_event,event_date_standardized,17.804159605700775,25.75,94.0,True,FULL,True
4,25.7658,93.9413,2013-07-17,799.3491821289062,34.972633361816406,205.96563720703125,4276.0,50.0,3.1867330074310303,7.5207154750823975,80.75746488571167,260.34321188926697,342.0514198988676,1,landslide_event,event_date_standardized,6.116354106238158,25.75,94.0,True,FULL,True
5,25.7131,94.0885,2013-07-17,1411.6787109375,26.313316345214844,263.1837463378906,4276.0,10.0,3.1867330074310303,7.5207154750823975,80.75746488571167,260.34321188926697,342.0514198988676,1,landslide_event,event_date_standardized,9.740429955403592,25.75,94.0,True,FULL,True
206,27.8837,93.0515,2013-08-01,1579.132568359375,39.96002960205078,174.26980590820312,11864.0,10.0,0.2912605106830597,11.207969456911087,68.549874573946,129.65250888466835,423.09632554650307,1,landslide_event,event_date_standardized,13.92933902483027,28.0,93.0,True,FULL,True
110,26.0137,94.5163,2013-08-04,1717.4874267578125,11.523119926452637,258.9540100097656,4276.0,30.0,0.0,18.91439390182495,33.29331022500992,89.19215831160545,297.03666266798973,1,landslide_event,event_date_standardized,2.2297832034149643,26.0,94.5,True,FULL,True
271,26.1498,94.6055,2013-08-04,1707.704833984375,31.64654922485352,210.1183319091797,4276.0,10.0,0.0,27.659667968749996,40.62927174568176,147.65579795837402,338.99631583690643,1,landslide_event,event_date_standardized,15.338372122350142,26.25,94.5,True,FULL,True
218,26.2083,94.5438,2013-08-04,1478.2481689453125,7.621303558349609,219.2281036376953,4276.0,10.0,0.0,27.659667968749996,40.62927174568176,147.65579795837402,338.99631583690643,1,landslide_event,event_date_standardized,6.376099352494494,26.25,94.5,True,FULL,True
129,26.0481,94.4619,2013-08-04,866.9505615234375,28.4879207611084,260.92303466796875,4276.0,10.0,0.0,18.91439390182495,33.29331022500992,89.19215831160545,297.03666266798973,1,landslide_event,event_date_standardized,6.567146687435239,26.0,94.5,True,FULL,True
138,26.1807,94.5497,2013-08-04,1637.970458984375,29.973892211914062,170.74038696289062,4276.0,30.0,0.0,27.659667968749996,40.62927174568176,147.65579795837402,338.99631583690643,1,landslide_event,event_date_standardized,9.171324148866239,26.25,94.5,True,FULL,True
59,26.284,94.5808,2013-08-04,722.4674072265625,32.52063751220703,345.74755859375,4276.0,10.0,0.0,27.659667968749996,40.62927174568176,147.65579795837402,338.99631583690643,1,landslide_event,event_date_standardized,8.907589655389694,26.25,94.5,True,FULL,True
230,26.0838,94.564,2013-08-04,1830.87841796875,22.86507034301757,86.37158966064453,4276.0,10.0,0.0,18.91439390182495,33.29331022500992,89.19215831160545,297.03666266798973,1,landslide_event,event_date_standardized,11.305566662683718,26.0,94.5,True,FULL,True
128,25.8376,94.5234,2013-08-04,799.6514282226562,2.4718377590179443,302.0936584472656,4276.0,40.0,0.3460222482681274,17.11305344104767,30.31349241733551,72.53415858745575,287.72454607486725,1,landslide_event,event_date_standardized,10.027341117734753,25.75,94.5,True,FULL,True
260,25.318,94.0441,2013-08-09,994.5647583007812,0.1200252026319503,262.2038879394531,4276.0,40.0,0.8403140306472778,49.26908791065216,93.27612888813019,149.8676005601883,314.80236053466797,1,landslide_event,event_date_standardized,8.756138431432497,25.25,94.0,True,FULL,True
253,26.7103,94.693,2013-08-11,688.0195922851562,18.15432929992676,187.399658203125,4276.0,10.0,26.742156982421875,48.26229436695576,145.28035421669483,190.14116330444813,461.7719863206148,1,landslide_event,event_date_standardized,7.203365578335709,26.75,94.75,True,FULL,True
90,25.3833,94.1884,2013-08-15,1685.0491943359375,8.240832328796387,146.5194091796875,4276.0,10.0,14.12753677368164,53.13920831680298,72.66202236711979,168.3562185317278,280.38825556635857,1,landslide_event,event_date_standardized,14.372122078437448,25.5,94.25,True,FULL,True
97,26.4205,94.9731,2013-08-16,662.717041015625,16.386865615844727,181.85009765625,4301.0,30.0,56.13555145263672,77.47363948822021,147.25492525100708,265.32060050964355,443.5322065651417,1,landslide_event,event_date_standardized,9.248134576396618,26.5,95.0,True,FULL,True
191,26.3897,94.9439,2013-08-16,519.267333984375,9.542935371398926,9.93359375,4301.0,10.0,56.13555145263672,77.47363948822021,147.25492525100708,265.32060050964355,443.5322065651417,1,landslide_event,event_date_standardized,13.494721921468154,26.5,95.0,True,FULL,True
73,26.8727,94.9275,2013-08-16,134.023193359375,0.9272137880325316,260.4241027832031,3637.0,60.0,28.38370132446289,60.545284271240234,98.64338064193726,198.09365558624268,346.87954545021057,1,landslide_event,event_date_standardized,15.456881504772088,26.75,95.0,True,FULL,True
16,24.7625,93.4341,2013-08-17,633.5919799804688,41.36114501953125,132.21055603027344,4301.0,10.0,15.997886657714844,25.70088756084442,134.20570695400238,239.90789484977722,332.21696519851685,1,landslide_event,event_date_standardized,6.722131814609302,24.75,93.5,True,FULL,True
235,26.4205,94.9731,2013-08-30,662.717041015625,16.386865615844727,181.85009765625,4301.0,30.0,4.2091827392578125,17.420373916625977,31.5597475618124,162.23161302506924,371.4166620820761,1,landslide_event,event_date_standardized,9.248134576396618,26.5,95.0,True,FULL,True
65,24.9037,93.487,2013-09-01,1272.4034423828125,41.07431411743164,252.1377868652344,4301.0,50.0,0.1381768584251403,0.7132545113563536,43.20425468683243,78.10240337252617,312.84818825125694,1,landslide_event,event_date_standardized,10.798332594210192,25.0,93.5,True,FULL,True
25,24.9829,93.5063,2013-09-01,1294.7689208984375,28.76937866210937,13.746570587158203,4301.0,10.0,0.1381768584251403,0.7132545113563536,43.20425468683243,78.10240337252617,312.84818825125694,1,landslide_event,event_date_standardized,2.0047109078206033,25.0,93.5,True,FULL,True
149,27.1614,93.7525,2013-09-02,148.66004943847656,12.232135772705078,52.83893585205078,11775.0,50.0,57.06776809692383,83.21805667877197,231.68055629730225,313.83636063337326,623.9461237192154,1,landslide_event,event_date_standardized,9.866106981377003,27.25,93.75,True,FULL,True
239,28.611,94.9829,2013-09-02,1696.97607421875,25.95244407653809,358.4635925292969,11839.0,10.0,8.992691040039062,80.42493057250977,135.89967846870422,139.73845466971397,293.3609990179539,1,landslide_event,event_date_standardized,12.473802446126424,28.5,95.0,True,FULL,True
145,27.3736,88.7323,2013-09-07,3411.429443359375,26.598913192749023,195.8337860107422,3717.0,30.0,56.43416976928711,149.35291171073914,216.8499619960785,302.4035997390747,561.7652224302292,1,landslide_event,event_date_standardized,13.872071661695832,27.25,88.75,True,FULL,True
302,27.6047,88.6463,2013-09-08,1607.7843017578125,10.135364532470703,145.84268188476562,3662.0,50.0,4.440304279327393,78.04703378677368,127.27492141723633,242.3651146888733,420.2061846256256,1,landslide_event,event_date_standardized,15.586584267815777,27.5,88.75,True,FULL,True
13,25.0985,94.3619,2013-09-24,1899.943359375,5.894336223602295,318.3699951171875,7001.0,60.0,0.0,0.2694681882858276,0.8158086240291595,101.87871924042702,214.50371038913727,1,landslide_event,event_date_standardized,15.6504475531796,25.0,94.25,True,FULL,True
220,25.8266,94.1497,2013-10-05,1396.6646728515625,24.1990966796875,12.221054077148438,4276.0,10.0,15.214532852172852,23.10076577961445,31.620361998677254,91.66733606159687,162.1349287778139,1,landslide_event,event_date_standardized,13.149212427914664,25.75,94.25,True,FULL,True
243,26.1309,91.8383,2013-10-06,103.10369110107422,9.530261993408203,60.516563415527344,3814.0,10.0,29.88486099243164,43.298959732055664,47.603585720062256,123.85411012172699,175.0934333205223,1,landslide_event,event_date_standardized,15.919508154524173,26.25,91.75,True,FULL,True
294,26.1665,91.7049,2013-10-06,233.6174774169922,16.18215560913086,180.17938232421875,3650.0,10.0,29.88486099243164,43.298959732055664,47.603585720062256,123.85411012172699,175.0934333205223,1,landslide_event,event_date_standardized,10.327544074075128,26.25,91.75,True,FULL,True
147,25.426,94.6024,2013-10-13,1343.6978759765625,13.105812072753906,352.9725036621094,4301.0,10.0,0.0,0.0,41.53087759017944,73.27351450920105,144.9324053376913,1,landslide_event,event_date_standardized,13.125884357638371,25.5,94.5,True,FULL,True
44,27.9032,96.174,2014-05-08,198.8146514892578,5.811610221862793,315.1335144042969,3637.0,60.0,58.49909973144531,87.63480949401855,116.86903381347656,136.74918687343597,173.2012360021472,1,landslide_event,event_date_standardized,13.17731062874787,28.0,96.25,True,FULL,True
81,24.8669,92.3576,2014-05-09,17.723207473754883,0.5171462893486023,97.62651824951172,3708.0,50.0,53.40251159667969,145.59080123901367,175.52205066382885,238.49284152686596,248.62414495646954,1,landslide_event,event_date_standardized,16.87160535739208,24.75,92.25,True,FULL,True
30,28.9205,95.3429,2014-06-26,4057.804443359375,28.4505615234375,247.92762756347656,11727.0,30.0,0.0,2.1459378004074097,25.85199612379074,63.48784154653549,152.36789017915726,1,landslide_event,event_date_standardized,12.81690914313935,29.0,95.25,True,FULL,True
179,26.1844,91.7896,2014-06-26,58.81834411621094,4.9345316886901855,176.33804321289062,7001.0,50.0,0.2501476109027862,19.158864051103592,92.22528651356697,110.59381665289402,204.62101455032825,1,landslide_event,event_date_standardized,8.303338017932438,26.25,91.75,True,FULL,True
111,26.1407,91.7645,2014-06-26,59.30535125732422,3.391876459121704,100.04878997802734,3814.0,50.0,0.2501476109027862,19.158864051103592,92.22528651356697,110.59381665289402,204.62101455032825,1,landslide_event,event_date_standardized,12.25302088434301,26.25,91.75,True,FULL,True
162,26.1619,91.7697,2014-06-27,54.13603210449219,2.3207428455352783,165.17791748046875,7001.0,50.0,18.990015029907227,22.039622336626053,100.34868147969246,128.72593267261982,219.32889790832996,1,landslide_event,event_date_standardized,10.002401248271168,26.25,91.75,True,FULL,True
275,26.1964,91.7652,2014-06-28,87.89129638671875,24.25786590576172,33.33564376831055,3650.0,10.0,29.11067581176757,48.350838452577584,122.44517043232918,155.46632416546345,233.87198014557362,1,landslide_event,event_date_standardized,6.156549042253245,26.25,91.75,True,FULL,True
75,23.7327,92.7463,2014-07-14,836.5509643554688,33.17726516723633,168.2484130859375,3665.0,50.0,25.92424392700196,47.96443653106691,63.587278932333,84.60153850913048,224.31556674838066,1,landslide_event,event_date_standardized,1.9609144139315016,23.75,92.75,True,FULL,True
107,23.0137,91.7174,2014-08-14,28.031164169311523,6.779423236846924,284.6083068847656,3636.0,50.0,158.2001495361328,270.4916934967041,337.015582382679,373.1951298713684,475.003912627697,1,landslide_event,event_date_standardized,21.74910921368798,23.0,91.5,True,FULL,True
172,27.0869,93.6086,2014-08-17,318.39263916015625,4.415086269378662,331.3742980957031,7001.0,50.0,0.3632566630840301,93.56743642687798,178.41237661242485,270.36415538191795,429.23558732122183,1,landslide_event,event_date_standardized,14.527170450454907,27.0,93.5,True,FULL,True
301,25.9466,94.6279,2014-09-08,1389.9193115234375,30.95311164855957,225.73321533203125,4276.0,10.0,0.0,8.008686125278473,26.541107654571533,28.119139298796654,202.06839762628078,1,landslide_event,event_date_standardized,13.557740593499691,26.0,94.75,True,FULL,True
310,25.7354,90.3852,2014-09-21,344.7012939453125,7.863541126251221,243.4810485839844,3814.0,10.0,43.13186264038086,97.8447265625,113.39717268943787,133.79491713643074,340.6517327129841,1,landslide_event,event_date_standardized,11.57124934243949,25.75,90.5,True,FULL,True
130,26.1324,91.8342,2014-09-22,72.69801330566406,3.8823652267456055,260.3367614746094,3814.0,50.0,90.21906280517578,112.94345903396606,128.25892797112465,215.2935097515583,289.26680713891983,1,landslide_event,event_date_standardized,15.555940556827293,26.25,91.75,True,FULL,True
136,26.1295,91.7056,2014-09-22,148.2101287841797,8.46279239654541,84.32936096191406,3650.0,10.0,90.21906280517578,112.94345903396606,128.25892797112465,215.2935097515583,289.26680713891983,1,landslide_event,event_date_standardized,14.126928732915818,26.25,91.75,True,FULL,True
317,26.1097,91.7747,2014-09-22,59.39221954345703,1.205387830734253,339.9668884277344,7001.0,10.0,65.75471496582031,108.58921241760254,127.45450854301453,213.45629781484604,305.8683080226183,1,landslide_event,event_date_standardized,12.45809564396777,26.0,91.75,True,FULL,True
86,26.1314,91.7548,2014-09-22,77.03489685058594,7.658712387084961,303.1128234863281,3814.0,40.0,90.21906280517578,112.94345903396606,128.25892797112465,215.2935097515583,289.26680713891983,1,landslide_event,event_date_standardized,13.211239101379611,26.25,91.75,True,FULL,True
70,26.1985,91.7998,2014-09-22,76.75308990478516,9.048985481262209,212.22303771972656,3650.0,50.0,90.21906280517578,112.94345903396606,128.25892797112465,215.2935097515583,289.26680713891983,1,landslide_event,event_date_standardized,7.587239294550474,26.25,91.75,True,FULL,True
95,26.1044,91.7082,2014-09-22,51.93117904663086,1.0328607559204102,67.40087890625,3814.0,10.0,65.75471496582031,108.58921241760254,127.45450854301453,213.45629781484604,305.8683080226183,1,landslide_event,event_date_standardized,12.347772337861997,26.0,91.75,True,FULL,True
141,26.159,91.8178,2014-09-22,60.84480285644531,6.881247043609619,139.46990966796875,3637.0,50.0,90.21906280517578,112.94345903396606,128.25892797112465,215.2935097515583,289.26680713891983,1,landslide_event,event_date_standardized,12.181955635289734,26.25,91.75,True,FULL,True
319,26.1001,91.6849,2014-09-22,72.82743835449219,23.146100997924805,28.021455764770508,3648.0,30.0,65.75471496582031,108.58921241760254,127.45450854301453,213.45629781484604,305.8683080226183,1,landslide_event,event_date_standardized,12.898699687051606,26.0,91.75,True,FULL,True
166,25.7238,89.9032,2014-09-23,31.35995101928711,8.786304473876953,203.44081115722656,3750.0,50.0,48.67731857299805,497.9026565551758,526.8351516723633,576.2034887075424,700.6820062473416,1,landslide_event,event_date_standardized,10.090900707515196,25.75,90.0,True,FULL,True
174,25.5772,91.8666,2014-09-23,1479.1109619140625,6.467817783355713,337.7099609375,3646.0,10.0,55.03766250610352,158.7408447265625,253.17875862121582,304.1047182381153,412.5669184923172,1,landslide_event,event_date_standardized,14.46567253185065,25.5,91.75,True,FULL,True
311,25.8143,90.5763,2014-09-24,59.0,3.9407763481140137,111.79122924804688,3814.0,10.0,7.914829254150391,370.9403991699219,468.7851257324219,490.12611106038094,584.870940476656,1,landslide_event,event_date_standardized,10.450568899423615,25.75,90.5,True,FULL,True
54,27.1249,93.7706,2014-10-01,175.79466247558594,25.44174194335937,32.861515045166016,11775.0,10.0,0.0,0.115666888654232,44.08643689006567,164.35708966106176,331.7849934324622,1,landslide_event,event_date_standardized,14.055028239825301,27.0,93.75,True,FULL,True
279,25.9702,91.8587,2014-10-05,281.32135009765625,12.110350608825684,87.53504943847656,3814.0,10.0,0.0,0.0,1.932726502418518,231.30089604854584,366.979650080204,1,landslide_event,event_date_standardized,11.343684839255024,26.0,91.75,True,FULL,True
126,25.5006,90.0896,2014-10-20,44.13310241699219,0.0819706320762634,90.88290405273438,3707.0,40.0,0.0,0.0,15.356790065765383,16.044281542301178,640.3285107016563,1,landslide_event,event_date_standardized,8.94193899026467,25.5,90.0,True,FULL,True
307,26.1468,91.6469,2015-02-14,66.71479797363281,17.28343963623047,329.407958984375,3650.0,10.0,0.0,0.0,0.0,0.237429603934288,0.3578026220202445,1,landslide_event,event_date_standardized,15.422107044544555,26.25,91.75,True,FULL,True
309,24.6108,92.562,2015-02-19,27.969724655151367,1.2175372838974,34.413597106933594,3708.0,30.0,0.0,0.0,0.0,0.0,0.0,1,landslide_event,event_date_standardized,13.799163788982185,24.5,92.5,True,FULL,True
238,25.0318,92.4584,2015-03-19,77.73472595214844,14.751564979553224,186.65069580078125,3708.0,10.0,0.0,0.0,0.0,0.3556208908557892,20.275508612394333,1,landslide_event,event_date_standardized,5.455856636740962,25.0,92.5,True,FULL,True
14,27.6163,88.6586,2015-05-24,1845.9775390625,34.200496673583984,133.8531951904297,3662.0,10.0,3.284724235534668,75.79609298706055,120.05962294340134,243.21520680189133,431.84978598356247,1,landslide_event,event_date_standardized,15.837006848509551,27.5,88.75,True,FULL,True
17,27.0987,93.816,2015-06-09,214.14358520507807,10.277758598327637,8.43869686126709,11775.0,10.0,28.156652450561523,76.97483253479004,137.2204953432083,263.01409661769867,469.2506365478039,1,landslide_event,event_date_standardized,12.810251950465648,27.0,93.75,True,FULL,True
119,25.463,92.2121,2015-06-13,1380.4051513671875,3.523115396499634,178.10552978515625,3646.0,60.0,57.50128555297852,88.12138271331787,162.29165172576904,234.29255659878254,330.7791969925165,1,landslide_event,event_date_standardized,5.591984852890637,25.5,92.25,True,FULL,True
113,25.5114,90.215,2015-06-16,304.8196105957031,6.453155994415283,263.4756774902344,3814.0,10.0,16.179718017578125,41.478515684604645,287.39804369211197,533.7328577637672,995.1748757958412,1,landslide_event,event_date_standardized,3.716243574670448,25.5,90.25,True,FULL,True
252,25.5084,90.2191,2015-06-16,321.0578308105469,24.32272148132324,308.30438232421875,3814.0,10.0,16.179718017578125,41.478515684604645,287.39804369211197,533.7328577637672,995.1748757958412,1,landslide_event,event_date_standardized,3.2223446207224344,25.5,90.25,True,FULL,True
190,23.7131,92.7362,2015-06-19,883.6295776367188,8.855734825134277,70.08084106445312,3665.0,10.0,6.217409133911133,91.41976881027222,103.04235965013504,187.69545590877533,279.57317930459976,1,landslide_event,event_date_standardized,4.332423038417873,23.75,92.75,True,FULL,True
223,25.16,93.686,2015-06-19,993.1607055664062,36.3893928527832,162.69052124023438,4301.0,10.0,0.4324156939983368,9.34217044711113,31.161642998456955,74.31325215101242,114.81017109751701,1,landslide_event,event_date_standardized,11.881460959366652,25.25,93.75,True,FULL,True
53,26.0319,94.5466,2015-06-24,1535.130615234375,40.3395881652832,192.931640625,4276.0,10.0,1.3039958477020264,78.49687886238098,88.56377053260803,164.1417437493801,303.1762820780277,1,landslide_event,event_date_standardized,5.851265131620874,26.0,94.5,True,FULL,True
205,27.0875,88.6556,2015-06-30,2188.75927734375,5.467228889465332,60.57899856567383,3662.0,10.0,29.562604904174805,49.27011966705322,86.91372314095497,191.38436925411224,677.4105678796768,1,landslide_event,event_date_standardized,13.550907390065642,27.0,88.75,True,FULL,True
242,27.36,93.0385,2015-07-15,412.4277038574219,8.166448593139648,242.8936004638672,11775.0,50.0,118.90943908691406,120.57910695672035,122.67897167801857,185.37845960259438,445.88816037774086,1,landslide_event,event_date_standardized,12.833818724399796,27.25,93.0,True,FULL,True
314,25.3908,94.0926,2015-07-22,1307.4000244140625,16.60420036315918,144.4363250732422,4276.0,10.0,11.168607711791992,43.91825199127197,121.6747362613678,186.7667142599821,310.59775230288506,1,landslide_event,event_date_standardized,15.26988313994959,25.5,94.0,True,FULL,True
94,24.7979,92.9974,2015-07-22,24.804288864135746,0.3350642323493957,308.4742126464844,3708.0,40.0,80.44732666015625,133.09552192687988,213.87099742889404,365.6515266597271,472.7592596709728,1,landslide_event,event_date_standardized,5.3385371998756295,24.75,93.0,True,FULL,True
66,25.4538,93.9827,2015-07-22,1782.916748046875,29.478073120117188,306.7606201171875,4301.0,30.0,11.168607711791992,43.91825199127197,121.6747362613678,186.7667142599821,310.59775230288506,1,landslide_event,event_date_standardized,5.4250312874435735,25.5,94.0,True,FULL,True
168,25.5007,93.9854,2015-07-22,1418.50048828125,15.500651359558104,227.87808227539065,4301.0,30.0,11.168607711791992,43.91825199127197,121.6747362613678,186.7667142599821,310.59775230288506,1,landslide_event,event_date_standardized,1.4590986488201525,25.5,94.0,True,FULL,True
210,25.5098,93.8794,2015-07-22,1652.687744140625,21.28356170654297,289.56378173828125,4301.0,10.0,11.168607711791992,43.91825199127197,121.6747362613678,186.7667142599821,310.59775230288506,1,landslide_event,event_date_standardized,12.084696846329368,25.5,94.0,True,FULL,True
58,25.4477,94.0489,2015-07-22,1339.629638671875,28.65985870361328,305.55908203125,4276.0,10.0,11.168607711791992,43.91825199127197,121.6747362613678,186.7667142599821,310.59775230288506,1,landslide_event,event_date_standardized,7.596747365150423,25.5,94.0,True,FULL,True
69,24.9818,93.5142,2015-07-24,1248.3367919921875,20.4340934753418,313.0307922363281,4301.0,10.0,19.65703773498535,41.38637924194336,151.87174129486084,204.004568785429,388.4299704283476,1,landslide_event,event_date_standardized,2.472436111456367,25.0,93.5,True,FULL,True
124,26.1062,91.8717,2015-07-25,259.01287841796875,4.847469806671143,63.26151657104492,3814.0,10.0,3.9573659896850586,46.802743911743164,70.29462265968323,141.16598933935165,240.95559729635715,1,landslide_event,event_date_standardized,16.948988426204096,26.0,91.75,True,FULL,True
156,25.0634,94.3415,2015-07-31,1781.6500244140625,36.002079010009766,275.1668395996094,4301.0,10.0,31.86587905883789,40.77938199043274,57.60056030750275,217.00707352161407,325.11753380298615,1,landslide_event,event_date_standardized,11.54086749380466,25.0,94.25,True,FULL,True
118,24.819,94.3551,2015-07-31,1622.6070556640625,30.74102020263672,253.6410980224609,4301.0,10.0,33.39507293701172,42.39028549194336,60.12724840641022,224.67775118350983,327.2679395079613,1,landslide_event,event_date_standardized,13.00031089827304,24.75,94.25,True,FULL,True
100,23.899,94.1434,2015-08-01,255.3252410888672,20.12415313720703,172.67161560058594,3689.0,10.0,87.59803771972656,126.09715604782104,144.59679210186005,302.9975036382675,388.00014185905457,1,landslide_event,event_date_standardized,18.19912740567579,24.0,94.0,True,FULL,True
296,24.954,94.2156,2015-08-01,942.494140625,19.673952102661133,301.0443115234375,4276.0,50.0,83.27330017089844,120.11932420730591,137.65396869182587,291.03835117816925,383.01595985889435,1,landslide_event,event_date_standardized,6.164986370767531,25.0,94.25,True,FULL,True
6,24.1419,94.1078,2015-08-01,1170.2288818359375,41.15029144287109,223.1303558349609,4301.0,10.0,87.52693939208984,125.99406433105469,144.4805532693863,302.9071170091629,388.00457525253296,1,landslide_event,event_date_standardized,16.141365073476614,24.25,94.0,True,FULL,True
62,24.1988,94.1016,2015-08-01,1405.31298828125,18.86229705810547,287.7832336425781,4301.0,10.0,87.52693939208984,125.99406433105469,144.4805532693863,302.9071170091629,388.00457525253296,1,landslide_event,event_date_standardized,11.63139671691079,24.25,94.0,True,FULL,True
288,25.1941,94.4481,2015-08-01,1732.5048828125,16.83842658996582,317.0778503417969,4301.0,10.0,63.38833999633789,92.63987731933594,105.74036085605621,236.11719644069672,360.2887585759163,1,landslide_event,event_date_standardized,8.096246716987322,25.25,94.5,True,FULL,True
276,24.4265,94.1913,2015-08-01,1317.843994140625,8.921306610107422,317.4645080566406,4301.0,10.0,87.5999984741211,126.0999984741211,144.59999704360962,302.99999165534973,387.9999914318323,1,landslide_event,event_date_standardized,10.062885490979035,24.5,94.25,True,FULL,True
41,24.004,93.9815,2015-08-01,1439.238037109375,32.67754364013672,106.71857452392578,4276.0,30.0,87.59803771972656,126.09715604782104,144.59679210186005,302.9975036382675,388.00014185905457,1,landslide_event,event_date_standardized,1.8991577804786492,24.0,94.0,True,FULL,True
266,25.1122,94.3591,2015-08-01,1847.1929931640625,21.42333221435547,243.3324432373047,4301.0,50.0,83.27330017089844,120.11932420730591,137.65396869182587,291.03835117816925,383.01595985889435,1,landslide_event,event_date_standardized,16.569393725572745,25.0,94.25,True,FULL,True
306,24.3481,94.1146,2015-08-01,1018.9749755859376,21.91521644592285,319.4974060058594,4301.0,10.0,87.52693939208984,125.99406433105469,144.4805532693863,302.9071170091629,388.00457525253296,1,landslide_event,event_date_standardized,15.813049075518965,24.25,94.0,True,FULL,True
120,24.9111,94.4759,2015-08-01,1826.7259521484373,27.59085273742676,56.02335739135742,4301.0,10.0,85.54586029052734,123.26487731933594,141.30807518959045,297.3533320426941,385.74250996112823,1,landslide_event,event_date_standardized,10.184404222822577,25.0,94.5,True,FULL,True
185,23.9939,94.0573,2015-08-01,979.0990600585938,9.997483253479004,91.10256958007812,4301.0,10.0,87.59803771972656,126.09715604782104,144.59679210186005,302.9975036382675,388.00014185905457,1,landslide_event,event_date_standardized,5.758468156063083,24.0,94.0,True,FULL,True
182,24.4072,94.0644,2015-08-01,1188.5931396484375,22.47879409790039,16.856178283691406,4276.0,10.0,87.39673614501953,125.80645084381104,144.2682421207428,302.71954679489136,387.9936159849167,1,landslide_event,event_date_standardized,12.166487236496218,24.5,94.0,True,FULL,True
234,24.416,94.0984,2015-08-01,1394.78759765625,21.55358123779297,299.9535522460937,4301.0,10.0,87.39673614501953,125.80645084381104,144.2682421207428,302.71954679489136,387.9936159849167,1,landslide_event,event_date_standardized,13.559838482347303,24.5,94.0,True,FULL,True
284,23.9278,94.0906,2015-08-01,936.3826904296876,14.197311401367188,63.31035614013672,3689.0,10.0,87.59803771972656,126.09715604782104,144.59679210186005,302.9975036382675,388.00014185905457,1,landslide_event,event_date_standardized,12.097384419393254,24.0,94.0,True,FULL,True
256,25.72,94.6219,2015-08-02,1682.0732421875,49.365989685058594,188.25425720214844,4276.0,10.0,1.3096506595611572,16.928996801376343,21.054461002349854,128.91430187225342,290.63683223724365,1,landslide_event,event_date_standardized,12.61516203119425,25.75,94.5,True,FULL,True
133,24.7459,93.4251,2015-08-11,763.9928588867188,8.417471885681152,3.889544725418091,4301.0,50.0,0.0,67.60121250152588,84.50204518437386,224.98663380742073,417.291489392519,1,landslide_event,event_date_standardized,7.4886151095262825,24.75,93.5,True,FULL,True
261,24.7016,93.5291,2015-08-11,666.1650390625,19.92926025390625,66.17134094238281,4301.0,10.0,0.0,67.60121250152588,84.50204518437386,224.98663380742073,417.291489392519,1,landslide_event,event_date_standardized,6.120691301415218,24.75,93.5,True,FULL,True
102,25.1019,93.3729,2015-08-11,1139.4647216796875,9.877705574035645,184.81100463867188,3665.0,50.0,0.0,66.15701103210449,88.14850071072578,199.7798374593258,411.9137812554836,1,landslide_event,event_date_standardized,16.70636296509111,25.0,93.25,True,FULL,True
181,25.6237,94.1136,2015-08-12,1596.7413330078125,26.162267684936523,68.11961364746094,4276.0,30.0,3.30962872505188,31.104800701141357,62.13458590209484,114.8533021658659,264.58149559795856,1,landslide_event,event_date_standardized,17.836575185459306,25.5,94.0,True,FULL,True
135,27.8835,96.9262,2015-08-16,992.7924194335938,36.79927444458008,216.0336761474609,11814.0,10.0,17.200000762939453,37.20000267028809,103.10000562667847,262.300009727478,307.1000089645386,1,landslide_event,event_date_standardized,14.9141301310424,28.0,97.0,True,FULL,True
171,28.1737,94.7596,2015-08-18,578.08349609375,25.219715118408203,79.98339080810547,11775.0,10.0,5.692145824432373,10.596486449241638,30.882709860801697,47.13164947926998,124.98482106626034,1,landslide_event,event_date_standardized,8.547575598563585,28.25,94.75,True,FULL,True
34,25.5145,90.2023,2015-08-18,316.58819580078125,0.4093584716320038,2.702026844024658,3814.0,10.0,28.85296440124512,66.74810600280762,108.02942180633545,186.89940577745438,275.4514391720295,1,landslide_event,event_date_standardized,5.026474736438598,25.5,90.25,True,FULL,True
105,25.6278,94.1051,2015-08-19,1512.023193359375,7.67141056060791,50.47274398803711,4276.0,60.0,2.4875473976135254,3.4672278612852097,17.141565546393394,85.37979339063168,157.13251267373562,1,landslide_event,event_date_standardized,17.17728072780438,25.75,94.0,True,FULL,True
132,26.0214,94.5224,2015-08-19,1618.262451171875,31.08435821533203,246.3616943359375,4276.0,10.0,4.345972061157227,8.186289310455322,41.55123043060303,161.75898349285126,338.54252633452415,1,landslide_event,event_date_standardized,3.266836201418806,26.0,94.5,True,FULL,True
134,25.2568,92.3825,2015-08-19,795.1814575195312,10.856196403503418,213.9329376220703,3646.0,30.0,16.688932418823242,29.726202487945557,41.19041609764099,130.61284382641315,313.4857256859541,1,landslide_event,event_date_standardized,11.750395996261926,25.25,92.5,True,FULL,True
192,25.1416,92.3807,2015-08-19,154.7435760498047,11.907132148742676,108.38583374023438,3708.0,10.0,16.688932418823242,29.726202487945557,41.19041609764099,130.61284382641315,313.4857256859541,1,landslide_event,event_date_standardized,16.95164897303269,25.25,92.5,True,FULL,True
259,25.2193,90.5549,2015-08-19,280.06549072265625,4.837197780609131,358.9378662109375,3814.0,10.0,568.7944946289062,1125.3583526611328,1666.8671407699585,1751.7270677089691,2312.5792469978333,1,landslide_event,event_date_standardized,6.457283393821041,25.25,90.5,True,FULL,True
194,25.0728,92.3636,2015-08-19,134.29087829589844,12.368220329284668,153.619873046875,3708.0,10.0,12.910459518432615,26.011349201202393,62.07772970199585,263.87764954566956,423.4040070772171,1,landslide_event,event_date_standardized,13.935532457825602,25.0,92.25,True,FULL,True
170,25.6263,94.1057,2015-08-20,1514.424072265625,15.54921531677246,92.20439910888672,4276.0,50.0,7.745830059051514,11.066836953163147,20.286609396338463,87.41001771390438,157.8685341924429,1,landslide_event,event_date_standardized,17.346165304509547,25.75,94.0,True,FULL,True
229,26.1028,91.8806,2015-08-22,113.28022003173828,17.60340690612793,123.4119110107422,3814.0,30.0,2.856663942337036,34.00493550300598,135.37348580360413,187.6435758471489,274.6263852119446,1,landslide_event,event_date_standardized,16.520886587527958,26.0,92.0,True,FULL,True
83,23.3572,92.7878,2015-08-26,1365.9925537109375,10.520837783813477,191.8934936523437,3665.0,30.0,27.531700134277344,117.95062828063965,208.60689669847488,264.024056494236,367.8323068022728,1,landslide_event,event_date_standardized,12.51553348639434,23.25,92.75,True,FULL,True
173,23.8447,93.0514,2015-08-26,1093.6075439453125,36.65387725830078,267.8105773925781,4301.0,10.0,23.716760635375977,106.22027778625488,191.05416589975357,272.85139125585556,375.6182999163866,1,landslide_event,event_date_standardized,11.723718591180337,23.75,93.0,True,FULL,True
313,23.7269,92.7265,2015-08-27,830.5033569335938,41.94097137451172,154.52093505859375,3665.0,10.0,82.97886657714844,134.13830757141113,263.74684876203537,367.5454423427582,480.50332003086805,1,landslide_event,event_date_standardized,3.480304992703193,23.75,92.75,True,FULL,True
231,24.042,92.6724,2015-08-27,804.6470336914062,6.917438983917236,125.98974609375,3665.0,50.0,65.5222396850586,114.67226028442383,213.8169806599617,302.35721230506897,421.3240892291069,1,landslide_event,event_date_standardized,9.046074942386204,24.0,92.75,True,FULL,True
292,23.4495,92.8112,2015-08-28,849.9560546875,32.14229965209961,62.84455490112305,4301.0,10.0,0.0,115.54350280761719,269.0007972717285,353.5846781730652,479.51315450668335,1,landslide_event,event_date_standardized,8.300875588969559,23.5,92.75,True,FULL,True
150,26.1868,91.6739,2015-09-01,50.55361557006836,3.721177577972412,313.0758972167969,3650.0,10.0,12.457226753234863,48.87014865875244,64.94680534303188,210.90165297687054,332.5516501516104,1,landslide_event,event_date_standardized,10.352431445929989,26.25,91.75,True,FULL,True
186,26.49349035,91.72137514,2015-09-01,57.39784622192383,6.398752689361572,215.5794219970703,3650.0,10.0,23.335004806518555,95.7021312713623,156.6705358028412,295.720228523016,374.0342198908329,1,landslide_event,event_date_standardized,2.947116323918326,26.5,91.75,True,FULL,True
250,26.048,91.8695,2015-09-05,66.35061645507812,6.25981330871582,126.77867889404295,3814.0,50.0,1.7305618524551392,7.270082831382753,97.57036244869232,156.56267245858908,411.0775168016553,1,landslide_event,event_date_standardized,13.067935420827968,26.0,91.75,True,FULL,True
33,25.9703,91.8584,2015-09-06,285.7799377441406,5.6393232345581055,120.71436309814452,3814.0,10.0,5.514796257019043,8.982629418373108,89.4851964712143,156.06373628228903,413.82509852200747,1,landslide_event,event_date_standardized,11.311799668078466,26.0,91.75,True,FULL,True
258,23.7348,92.7187,2015-09-14,1045.321044921875,20.19441604614257,11.448138236999512,7001.0,50.0,0.0,4.182334899902344,12.271318078041077,65.25377285480499,407.54500998556614,1,landslide_event,event_date_standardized,3.552461121716684,23.75,92.75,True,FULL,True
195,23.7313,92.7187,2015-09-14,1020.4970092773438,17.155675888061523,57.22224426269531,7001.0,50.0,0.0,4.182334899902344,12.271318078041077,65.25377285480499,407.54500998556614,1,landslide_event,event_date_standardized,3.7537058644846666,23.75,92.75,True,FULL,True
91,26.1666,91.7042,2015-09-23,229.039794921875,18.53145217895508,210.8583221435547,3650.0,50.0,47.29277801513672,58.67525005340576,60.28392016887665,89.6710000038147,187.59256897866726,1,landslide_event,event_date_standardized,10.348190360847934,26.25,91.75,True,FULL,True
215,25.583,91.893,2015-09-23,1445.709716796875,13.912297248840332,239.4311370849609,3646.0,50.0,64.58702850341797,104.67656517028809,158.76280546188354,230.82746994495392,572.7589026689529,1,landslide_event,event_date_standardized,14.120623515727091,25.5,92.0,True,FULL,True
338,27.1758,88.5294,2016-01-14,304.3135681152344,7.230428218841553,263.4545593261719,3662.0,50.0,1.274561882019043,1.274561882019043,4.007601261138916,6.8967039585113525,7.013006873428822,1,landslide_event,event_date_only,8.765556641001535,27.25,88.5,True,FULL,True
321,26.7223,95.0243,2016-04-19,694.5234985351562,16.726797103881836,28.643535614013672,4276.0,50.0,37.478614807128906,84.77340984344482,102.71471762657166,319.82457399368286,362.67039024829865,1,landslide_event,event_date_only,3.922901648811824,26.75,95.0,True,FULL,True
342,27.5799,91.8569,2016-04-22,2766.8056640625,22.40599822998047,243.9518280029297,11879.0,10.0,37.05142974853516,97.18542098999023,122.1890811920166,148.99512910842896,191.44855226576328,1,landslide_event,event_date_only,13.889603084034299,27.5,91.75,True,FULL,True
334,28.0822,96.5316,2016-05-01,594.242431640625,24.947830200195312,227.651596069336,4351.0,10.0,33.68991470336914,94.44059181213379,190.2925329208374,511.92062187194824,876.3863904476166,1,landslide_event,event_date_only,9.678664806504209,28.0,96.5,True,FULL,True
352,24.87,92.35,2016-05-18,18.72933959960937,3.2813942432403564,336.93231201171875,3708.0,10.0,280.2071838378906,370.416561126709,485.08494651317596,527.4306996464729,1008.3223870396614,1,landslide_event,event_date_only,16.674488071221997,24.75,92.25,True,FULL,True
327,24.4638,92.4943,2016-05-18,104.1291046142578,9.694157600402832,210.014892578125,3665.0,10.0,188.93283081054688,228.1857442855835,271.43767860531807,285.5911333858967,532.4836724102497,1,landslide_event,event_date_only,4.069733716848817,24.5,92.5,True,FULL,True
340,24.5204,92.7264,2016-05-18,37.724727630615234,4.965514183044434,332.6190795898437,3701.0,10.0,182.6837615966797,214.47818565368652,260.3883783817291,277.3929310441017,593.052706323564,1,landslide_event,event_date_only,3.271692743663124,24.5,92.75,True,FULL,True
325,24.5202,92.7239,2016-05-18,40.8049201965332,2.4934067726135254,44.05175018310547,3701.0,10.0,182.6837615966797,214.47818565368652,260.3883783817291,277.3929310441017,593.052706323564,1,landslide_event,event_date_only,3.4410428809421583,24.5,92.75,True,FULL,True
349,24.5308,92.5121,2016-05-18,60.55363464355469,9.54898452758789,329.901123046875,3701.0,10.0,188.93283081054688,228.1857442855835,271.43767860531807,285.5911333858967,532.4836724102497,1,landslide_event,event_date_only,3.635079651606029,24.5,92.5,True,FULL,True
322,27.6438,93.871,2016-06-12,1718.238037109375,34.03382110595703,277.4131774902344,11839.0,10.0,20.73471641540528,21.8841679096222,56.584103286266334,67.11356341838837,424.5136216878891,1,landslide_event,event_date_only,16.899001309202365,27.75,93.75,True,FULL,True
324,26.1677,94.2442,2016-06-12,777.65380859375,19.665016174316406,253.51382446289065,4276.0,10.0,8.563486099243164,28.573800444602966,59.40941560268402,96.65779088437557,341.2367717474699,1,landslide_event,event_date_only,9.179901997385798,26.25,94.25,True,FULL,True
336,26.3185,94.5247,2016-06-14,1166.3331298828125,3.8316009044647217,345.2371826171875,4276.0,10.0,8.271346092224121,24.56794309616089,52.80796217918396,88.94934460520744,326.9610177576542,1,landslide_event,event_date_only,8.013926647794866,26.25,94.5,True,FULL,True
337,26.1961,91.7825,2016-06-22,118.33870697021484,4.6746134757995605,26.55876350402832,3650.0,10.0,7.798964023590088,19.499743461608887,54.796552896499634,162.49421221017838,235.95772790908813,1,landslide_event,event_date_only,6.820641431176967,26.25,91.75,True,FULL,True
341,27.0136,92.6351,2016-07-01,228.27194213867188,4.294306755065918,155.18844604492188,11775.0,50.0,30.224510192871094,60.00020885467529,79.76985478401184,195.67663550376892,327.6976330280304,1,landslide_event,event_date_only,11.566032814601337,27.0,92.75,True,FULL,True
332,25.9611,91.3681,2016-07-07,182.3294677734375,10.071325302124023,35.041587829589844,3648.0,10.0,23.446001052856445,34.48268365859985,63.67916250228882,116.1650482416153,374.7961630821228,1,landslide_event,event_date_only,12.556215015012311,26.0,91.25,True,FULL,True
331,25.0118,94.3136,2016-07-07,1398.61669921875,1.1882646083831787,257.742919921875,4301.0,10.0,7.807618618011475,28.27251434326172,89.2677252292633,139.35804384946823,262.14012229442596,1,landslide_event,event_date_only,6.481506534003055,25.0,94.25,True,FULL,True
328,25.7902,94.1318,2016-07-10,1280.449951171875,13.43272304534912,66.5816421508789,4276.0,10.0,3.5268335342407227,15.968923293054104,82.44201823323965,171.81546815484762,306.13233955949545,1,landslide_event,event_date_only,12.616186218415793,25.75,94.25,True,FULL,True
329,26.1699,94.4922,2016-07-11,1172.01806640625,31.737802505493164,318.75311279296875,4276.0,10.0,5.91382360458374,24.325129866600037,83.93421518802643,161.56661361455917,313.11005198955536,1,landslide_event,event_date_only,8.950643858072473,26.25,94.5,True,FULL,True
344,26.1768,91.7702,2016-07-14,85.85330963134766,34.82474899291992,120.0568389892578,7001.0,10.0,5.463315010070801,9.630594402551651,39.199520498514175,82.15285256505013,157.0204013288021,1,landslide_event,event_date_only,8.394272624639894,26.25,91.75,True,FULL,True
335,26.1963,91.8074,2016-07-14,170.9136199951172,15.63372039794922,118.5219497680664,3650.0,10.0,5.463315010070801,9.630594402551651,39.199520498514175,82.15285256505013,157.0204013288021,1,landslide_event,event_date_only,8.27938238549077,26.25,91.75,True,FULL,True
348,27.3034,93.804,2016-07-16,721.4577026367188,37.36384582519531,83.02684020996094,11839.0,10.0,115.34709930419922,187.79465675354004,308.76233100891113,481.42090168595314,765.9628936350346,1,landslide_event,event_date_only,8.023582606889288,27.25,93.75,True,FULL,True
351,28.235,94.9612,2016-07-19,335.8134460449219,46.51467514038086,13.88074016571045,11775.0,10.0,46.87040710449219,148.8238525390625,234.29472255706787,326.11787509918213,760.5257467031479,1,landslide_event,event_date_only,4.216771894163864,28.25,95.0,True,FULL,True
326,25.203,90.5573,2016-07-19,155.5242919921875,25.422700881958008,153.64625549316406,3814.0,10.0,149.00009155273438,399.51245880126953,551.1611804962158,775.0899202823639,1601.8367079496384,1,landslide_event,event_date_only,7.750682966506372,25.25,90.5,True,FULL,True
323,26.09748244,91.8744337,2016-07-19,205.76043701171875,17.583864212036133,334.7571716308594,3814.0,10.0,20.46379470825196,56.13058853149415,72.03215861320496,108.52735590934753,192.120580971241,1,landslide_event,event_date_only,16.491380562708336,26.0,91.75,True,FULL,True
350,26.1966,91.802,2016-07-20,124.11662292480467,15.977131843566896,9.01478672027588,3650.0,10.0,9.594910621643066,44.8629150390625,86.35835981369019,126.34369459748268,194.26018199324608,1,landslide_event,event_date_only,7.890914634551104,26.25,91.75,True,FULL,True
330,25.48,94.1383,2016-07-25,1701.351318359375,15.59140682220459,136.51828002929688,4276.0,50.0,2.643849372863769,10.228721380233765,27.057406425476074,124.5474202632904,292.15795293450356,1,landslide_event,event_date_only,11.367336006452508,25.5,94.25,True,FULL,True
346,26.0101,94.5282,2016-07-26,1710.7818603515625,13.136102676391602,108.51004791259766,4276.0,10.0,20.44708824157715,32.81678795814514,54.295642137527466,162.47979372739792,319.9675286412239,1,landslide_event,event_date_only,3.0305202435087812,26.0,94.5,True,FULL,True
347,27.5748,91.8644,2016-07-28,2693.17724609375,7.516595363616943,63.39360427856445,11879.0,30.0,7.138001918792725,30.659409224987034,66.06143397092819,189.45041340589523,362.8281607031822,1,landslide_event,event_date_only,14.130597225942536,27.5,91.75,True,FULL,True
345,23.5397,93.3783,2016-07-28,1562.1533203125,16.503074645996094,255.90419006347656,4301.0,30.0,0.6133350133895874,59.919084906578064,96.06510722637177,144.97636795043945,571.0652657747269,1,landslide_event,event_date_only,13.545033653215269,23.5,93.25,True,FULL,True
333,25.8702,94.7844,2016-07-28,1145.7412109375,10.672196388244627,221.54708862304688,4276.0,50.0,9.450075149536133,33.5311918258667,63.943573236465454,151.59405586123466,314.5130006670952,1,landslide_event,event_date_only,13.814031008878827,25.75,94.75,True,FULL,True
343,27.5754,91.9754,2016-08-05,2414.574462890625,23.59556579589844,352.4862976074219,11879.0,30.0,0.2490379959344864,8.316763177514076,15.243799582123756,95.51707257330418,239.77865602076054,1,landslide_event,event_date_only,8.745181742970926,27.5,92.0,True,FULL,True
339,27.172,88.5292,2016-10-15,335.4233703613281,38.68427276611328,15.105154037475586,3662.0,10.0,0.0,60.03106117248535,121.64757812023163,147.7482647895813,383.7927111387253,1,landslide_event,event_date_only,9.158896288880783,27.25,88.5,True,FULL,True
364,25.14435,93.94715,2017-06-04,1257.6201171875,15.882923126220703,155.53907775878906,4276.0,30.0,16.5528564453125,36.87479782104492,120.78648376464844,146.17793165147305,209.18479044735432,1,landslide_event,event_date_only,12.889426496568872,25.25,94.0,True,FULL,True
363,26.11244444444445,94.75675,2018-05-21,1045.6080322265625,32.508907318115234,227.523178100586,4276.0,10.0,3.046121835708618,21.277132272720337,40.81350475549698,76.61138798296452,150.6263835579157,1,landslide_event,event_date_only,12.535427930830684,26.0,94.75,True,FULL,True
362,24.781694444444444,93.77605555555556,2018-06-06,987.0897827148438,13.632092475891112,26.70398712158203,4276.0,50.0,0.9411458373069764,11.051683127880096,32.96305713057518,42.360233932733536,93.53740581870079,1,landslide_event,event_date_only,4.382873063649261,24.75,93.75,True,FULL,True
361,24.99288888888889,94.23058333333331,2018-07-01,990.2874755859376,40.22372817993164,252.7734832763672,4276.0,10.0,0.0,3.9129388332366943,58.03950047492981,101.75632774829865,341.37541192770004,1,landslide_event,event_date_only,2.0931605181285216,25.0,94.25,True,FULL,True
360,27.31583333333333,88.60666666666665,2018-08-10,1490.2158203125,28.152433395385746,83.6025619506836,3662.0,30.0,19.111846923828125,48.09578174352646,170.654372215271,359.3840260505676,560.5373344421387,1,landslide_event,event_date_only,12.923664907247574,27.25,88.5,True,FULL,True
359,25.68176111111111,94.06811944444443,2019-10-26,1144.782470703125,31.05967903137207,33.65603256225586,4276.0,10.0,15.599119186401367,31.56414008140564,32.3807390332222,42.964746594429016,189.43210530281067,1,landslide_event,event_date_only,10.19400347316022,25.75,94.0,True,FULL,True
358,25.62,91.8827222222222,2020-05-21,1254.337646484375,11.02405071258545,131.7313690185547,3647.0,50.0,48.1134147644043,59.23598861694336,68.89835834503174,116.25112000852823,232.83063323050737,1,landslide_event,event_date_only,17.760237773649898,25.5,92.0,True,FULL,True
357,27.39305555555556,88.63527777777779,2020-05-24,1574.1639404296875,36.5161361694336,179.4974822998047,3662.0,30.0,48.47993469238281,70.46832656860352,102.52745962142944,176.60268259048462,235.6838743686676,1,landslide_event,event_date_only,16.516805431151063,27.5,88.75,True,FULL,True
356,27.398666666666667,88.62358333333333,2020-05-24,1732.437255859375,41.680152893066406,177.45468139648438,3662.0,10.0,62.83584976196289,88.2045373916626,135.23477029800415,196.23695731163025,271.22324591875076,1,landslide_event,event_date_only,16.713851781037494,27.5,88.5,True,FULL,True
355,25.515916666666666,94.1365277777778,2020-07-01,1698.6575927734375,15.16800594329834,22.56951904296875,4276.0,10.0,4.016603946685791,28.089191436767578,56.48307752609253,144.51053535938263,225.88773614168167,1,landslide_event,event_date_only,11.46181305607306,25.5,94.25,True,FULL,True
353,24.85,93.5,2022-06-30,306.1405639648437,32.21190643310547,282.95050048828125,4301.0,10.0,0.0,10.803217053413391,45.503893971443176,241.3821097612381,327.6891371011734,1,landslide_event,event_date_only,11.132000000000517,24.75,93.5,True,FULL,True
