master_id,record_type,event_date,event_year,event_month,date_precision,latitude,longitude,state,district,location_name,initiation_year,triggering_factor,material_type,movement_type,activity,landslide_area,persons_death,injury_count,source,source_event_id,source_record_url,source_records,source_count,coordinate_source,coordinate_inherited,match_confidence,data_quality,dedup_key,duplicate_group_id,is_duplicate,duplicate_of,notes,record_type_clean,event_date_clean
IND-EVT-000074,EVENT,2016-04-19,2016.0,4.0,day,26.7223,95.0243,Nagaland,,"Techahan Ward, Mon, Nagaland, India",,continuous_rain,,,,,0.0,0.0,Assam Tribune,GLC-9405,http://www.assamtribune.com/scripts/detailsnew.asp?id=may0216/oth058,India_Landslide_Catalog_Cleaned:9405,1,India Landslide Catalog,False,SOURCE,MEDIUM,2016-04-19_26.722_95.024,,False,,"(Landslide may have occurred within a week of April 19. )Altogether, 200 hailstorm affected families in Mon town of Nagaland have been given cash relief under the State Disaster Response Fund. Nagaland State Disaster Management Authority (NSDMA) and District Disaster Management Authority (DDMA) officials had undertaken a field assessment of the damages caused by heavy rainfall, hailstorm and windstorm in Mon district in April. Accordingly, relief was given to the families affected by landslide at Techahan Ward of Mon town. Techahan Ward was affected by a massive landslide triggered by the incessant heavy rainfall that lashed the town for about six days in a row during the third week of April. About 70 houses were completely damaged and 130 houses severely affected displacing about 125 families. One Government Primary School building located in the ward was also damaged by the landslide. Massive landslide had caused road blockage of Tobu-Mon BRO road.",EVENT,2016-04-19
IND-EVT-000122,EVENT,2016-06-12,2016.0,6.0,day,27.6438,93.871,Arunachal Pradesh,,"NH 13 10 kilometers from Old Ziro, Arunachal Pradesh, India",,downpour,,,,,0.0,0.0,Arunachal Times,GLC-9168,http://www.arunachaltimes.in/landslide-blocks-ziro-tamen-road/,India_Landslide_Catalog_Cleaned:9168,1,India Landslide Catalog,False,SOURCE,MEDIUM,2016-06-12_27.644_93.871,,False,,"Estimated location along road. Heavy rains on Sunday night triggered series of landslides between Ziro and Ripali, Tamen, 10Kms from Old Ziro, stranding the commuters for the entire day. However due to heavy rains, the restoration work had to be halted and will resume on Tuesday.",EVENT,2016-06-12
IND-EVT-000184,EVENT,2016-07-19,2016.0,7.0,day,26.09748244,91.8744337,Meghalaya,,"12th Mile area at Jorabat, Meghalaya, India",,unknown,,,,,0.0,1.0,NELIVE (North East Live),GLC-9051,http://www.nelive.in/assam/news/woman-injured-landslide,India_Landslide_Catalog_Cleaned:9051,1,India Landslide Catalog,False,SOURCE,MEDIUM,2016-07-19_26.097_91.874,,False,,"A family in 12th Mile area at Jorabat had a miraculous escape after a portion of a hillock located behind their compound fell on the house. The lady of the house, Nuni Sangma, received minor injuries in the incident.",EVENT,2016-07-19
IND-EVT-000224,EVENT,2016-06-12,2016.0,6.0,day,26.1677,94.2442,Nagaland,,"on road between Mon and Tobu near Telangsao Hydro project , Nagaland, India",,continuous_rain,,,,,0.0,0.0,Nagaland Post,GLC-9169,http://www.nagalandpost.com/channelnews/state/StateNews.aspx?news=TkVXUzEwMDA5ODM0Mg%3D%3D,India_Landslide_Catalog_Cleaned:9169,1,India Landslide Catalog,False,SOURCE,MEDIUM,2016-06-12_26.168_94.244,,False,,"Location estimated. Due to incessant rain for the last two days multiple landslide and mudslides near Telangsao Hydro project has once again caused blockage to vehicular movement from Mon to Tobu area. According to sources, Hongpi, DPRO Mon, two culverts have been completely washed away by the landslide while multiple mudslides occurred along the roads. He also informed that since the occurance of landslide, the BRO have been engaged to clear the road blockage. It may be mentioned that there was a major mudslide in this particular area in the month of April. The situation is likely to deteriorate if it continues to rain in the days to come. This particular route is the life line of the Tobu subdivision of Mon district.",EVENT,2016-06-12
IND-EVT-000266,EVENT,2016-05-18,2016.0,5.0,day,24.5202,92.7239,Assam,,"Bilaipur, Hailakandi district, Assam, India",,continuous_rain,,,,,2.0,0.0,Indian Express,GLC-9335,http://indianexpress.com/article/india/india-news-india/at-least-10-killed-in-landslides-in-assam-rescue-operations-underway-2806810/,India_Landslide_Catalog_Cleaned:9335,1,India Landslide Catalog,False,SOURCE,MEDIUM,2016-05-18_24.520_92.724,,False,,"One of two landslides in Bilaipur triggered by the same rainfall event. Ten people were killed in landslides in Karimganj and Hailakandi districts in Barak Valley in Assam on Wednesday following incessant rains. In neighbouring Hailakandi district, two incidents of landslide killed four persons at Bilaipur and a six-year old boy at Ramchandi area, police officials said. The debris fell on two houses where the victims were sleeping early in the morning, they said. NDRF and police have been engaged in rescue and relief operations.",EVENT,2016-05-18
IND-EVT-000313,EVENT,2016-07-19,2016.0,7.0,day,25.203,90.5573,Meghalaya,,"Rongthragittim Songittal village, near Sibbari, South Garo Hills District, Meghalaya, India",,continuous_rain,,,,,0.0,0.0,Business Standard,GLC-9124,http://www.business-standard.com/article/news-ani/over-hundred-homes-displaced-due-to-landslide-in-meghalaya-116072100406_1.html,India_Landslide_Catalog_Cleaned:9124,1,India Landslide Catalog,False,SOURCE,MEDIUM,2016-07-19_25.203_90.557,,False,,At least three houses were destroyed and over a hundred others displaced by a massive landslide near Sibbari in Meghalaya's South Garo Hills District. A large portion of a hill came sliding down on Tuesday at Rongthragittim Songittal village due to incessant rains in the region for over six days. Such was the force with which the portion of the hill came down that some of the displaced houses were pushed as far away as hundred meters from their original position. No causalities have been reported due to the incident.,EVENT,2016-07-19
IND-EVT-000317,EVENT,2016-05-18,2016.0,5.0,day,24.4638,92.4943,Assam,,"Sonachirra, Karimganj district, Assam, India",,continuous_rain,,,,,5.0,0.0,Indian Express,GLC-9338,http://indianexpress.com/article/india/india-news-india/at-least-10-killed-in-landslides-in-assam-rescue-operations-underway-2806810/,India_Landslide_Catalog_Cleaned:9338,1,India Landslide Catalog,False,SOURCE,MEDIUM,2016-05-18_24.464_92.494,,False,,"Estimated location. Ten people were killed in landslides in Karimganj and Hailakandi districts in Barak Valley in Assam on Wednesday following incessant rains. Five members of a family were killed in a landslide at Sonachirra in Karimganj district in the wee hours, a police official said. The landslip, triggered by incessant rains, buried a house on the edge of a hill killing the five people. Among the victims are a man, his wife and their daughter and two sons. The area has been hit by continuous rains for the past three days.",EVENT,2016-05-18
IND-EVT-000325,EVENT,2016-07-10,2016.0,7.0,day,25.7902,94.1318,Nagaland,,"National Highway 2, near Kohima, Nagaland, India",,downpour,,,,,0.0,0.0,Business Standard,GLC-8901,http://www.business-standard.com/article/news-ians/landslide-blocks-nh2-disrupting-traffic-to-and-from-manipur-116071000262_1.html,India_Landslide_Catalog_Cleaned:8901,1,India Landslide Catalog,False,SOURCE,MEDIUM,2016-07-10_25.790_94.132,,False,,"Manipur's road-link with the rest of the country was severely disrupted on Sunday as a landslide blocked National Highway 2 near the Nagaland capital Kohima. ""All available personnel and machinery are being used to remove the debris from the road,"" an official told IANS over phone from Kohima. NH 2 and NH 37 are the two main road links between the state and the rest of the country. However, it is feared that there may be fresh landlsides as heavy downpour continued to lash most of the northeastern states.",EVENT,2016-07-10
IND-EVT-000351,EVENT,2016-07-11,2016.0,7.0,day,26.1699,94.4922,Nagaland,,"North Point Colony, Akuluto, Nagaland, India",,unknown,,,,,0.0,0.0,Nagaland Post,GLC-8930,https://issuu.com/nagalandpost90/docs/july_13__2016,India_Landslide_Catalog_Cleaned:8930,1,India Landslide Catalog,False,SOURCE,MEDIUM,2016-07-11_26.170_94.492,,False,,"A massive landslide occurred at North Point Colony, Akuluto on July 11 at around 11p.m. According an official bulletin, SDO (civil) Akuluto, Kikumsangla Jamir, who visited the affected area, said five houses were damaged badly and the road leading to colony was also blocked. Local residents and personnel of 8th NAP, B Coy helped in clearing the road and also the affected families.",EVENT,2016-07-11
IND-EVT-000368,EVENT,2016-07-25,2016.0,7.0,day,25.48,94.1383,Manipur,,"Imphal-Dimapur road in Tadubi, Senapati district, Manipur, India",,continuous_rain,,,,,0.0,1.0,E-Pao,GLC-9186,http://www.e-pao.net/GP.asp?src=Snipp1..260716.jul16,India_Landslide_Catalog_Cleaned:9186,1,India Landslide Catalog,False,SOURCE,MEDIUM,2016-07-25_25.480_94.138,,False,,"Continuous downpour in the past three days led to a massive mudslide along Imphal-Dimapur road (NH-2) and destroyed 6 stalls constructed at the heart of Tadubi town at around 12.30pm today, reports NNN. An 81 year old woman identified as S Koshuni, who was in one of the shops miraculously escaped with minor injuries.",EVENT,2016-07-25
IND-EVT-000401,EVENT,2016-07-07,2016.0,7.0,day,25.0118,94.3136,Manipur,,"Imphal-Ukhrul sector of National Highway 102, Manipur, India",,monsoon,,,,,0.0,0.0,Eastern Mirror,GLC-8900,http://www.easternmirrornagaland.com/landslide-hampers-nh-102-traffic-restored/,India_Landslide_Catalog_Cleaned:8900,1,India Landslide Catalog,False,SOURCE,MEDIUM,2016-07-07_25.012_94.314,,False,,"Estimated Date. Heavy landslide along the busy Imphal-Ukhrul sector of the National Highway 102 hampered vehicular traffic along the route forcing passenger buses to stop normal services since the last four days. However smaller-sized vehicles such as cars, vans and gypsies managed to cross the landslide-hit Finch Corner area, 65 km north of Imphal only after the Border Road Task Force (BRTF) machinery cleared the area this afternoon, reports from Ukhrul said. Earlier in the morning, most of the residents of Ukhrul district who usually takes 2-3 hours, took 6 hours to reach Imphal town by exchanging their vehicles at the two ends of the landslide-hit Finch corner area, according to a resident. The picturesque Finch Corner areas witnessed heavy landslide measuring around 150 metres following continuous rain in the areas since the last few days. Sources reaching here said that the BRTF personnel were currently taking all out efforts to restore normal traffic along the highway.",EVENT,2016-07-07
IND-EVT-000439,EVENT,2016-07-07,2016.0,7.0,day,25.9611,91.3681,Assam,,"Kamrup district, Assam, India",,continuous_rain,,,,,2.0,2.0,Hindustan Times,GLC-8684,http://www.hindustantimes.com/india-news/two-killed-due-to-landslide-in-assam/story-iWPiQmWinCDc8gZotcTmFM.html,India_Landslide_Catalog_Cleaned:8684,1,India Landslide Catalog,False,SOURCE,MEDIUM,2016-07-07_25.961_91.368,,False,,"Two persons including a minor were killed and two others injured on Thursday due to a landslide in Assam’s Kamrup district. Police said the incident took place at 11 Mile Area under Sonapur police station in the district. “A guard wall caved in on the house of Bishal Sharma due to landslide triggered by incessant rains since last night,” police said adding that while Bishal Sharma and his daughter Nanu Sharma (13) were killed on the spot, his wife Radha Sharma and another daughter Puja Sharma were injured during the incident.",EVENT,2016-07-07
IND-EVT-000501,EVENT,2016-07-28,2016.0,7.0,day,25.8702,94.7844,Nagaland,,"Government Middle School (GMS) Kiphire station “B”, Kiphire, Nagaland, India",,downpour,,,,,0.0,0.0,Nagaland Post,GLC-9251,http://nagalandpost.com/ChannelNews/State/StateNews.aspx?news=TkVXUzEwMDEwMDI0Mw%3D%3D,India_Landslide_Catalog_Cleaned:9251,1,India Landslide Catalog,False,SOURCE,MEDIUM,2016-07-28_25.870_94.784,,False,,"Owing to heavy downpour in Kiphire, a retaining wall and water tank collapsed and destroyed the classrooms of Government Middle School (GMS) Kiphire station “B” on the night of July 28. According to the head teacher GMS Kiphire station “B” Lisecho Sangtam, class 6 and 7 classrooms have been completely damaged for which classes could not be held. Sangtam has also informed that until the building was renovated classes would not resume. He also appealed the school education department to urgently look into the matter as students cannot attend schools if necessary action was not taken. Meanwhile, district administration and School education department Kiphire visited the school.",EVENT,2016-07-28
IND-EVT-000515,EVENT,2016-05-01,2016.0,5.0,day,28.0822,96.5316,Arunachal Pradesh,,"Hayuliang, Anjaw district,Arunachal Pradesh, India",,downpour,,,,,0.0,0.0,Business Standard,GLC-9404,http://www.business-standard.com/article/pti-stories/landslides-in-arunachal-district-no-loss-of-life-116050200846_1.html,India_Landslide_Catalog_Cleaned:9404,1,India Landslide Catalog,False,SOURCE,MEDIUM,2016-05-01_28.082_96.532,,False,,Landslide triggered by heavy rains have cut off road communication to Hayuliang in remote Anjaw district of Arunachal Pradesh but there was no report of any loss of life. Heavy rains have lashed Anjaw for the past 26 days and official sources said Hayuliang has remained cut off since yesterday.,EVENT,2016-05-01
IND-EVT-000535,EVENT,2016-07-14,2016.0,7.0,day,26.1963,91.8074,Assam,,"Noonmati Nijarapar area of the city, Guwahati, Assam, India",,monsoon,,,,,1.0,0.0,Indian Express,GLC-8995,http://indianexpress.com/article/india/india-news-india/separate-landslides-kill-two-in-assam-2913748/,India_Landslide_Catalog_Cleaned:8995,1,India Landslide Catalog,False,SOURCE,MEDIUM,2016-07-14_26.196_91.807,,False,,"Trigger is most likely monsoon since this incident occurred during monsoon season.Two persons, including a girl, were killed in landslides in Assam on Thursday. In Noonmati Nijarapar area of the city, a class IV girl student was buried in another landslide which came crashing on her house.",EVENT,2016-07-14
IND-EVT-000691,EVENT,2016-06-14,2016.0,6.0,day,26.3185,94.5247,Nagaland,,"lower Majakong Ward, Mokokchung, Nagaland, India",,continuous_rain,,,,,0.0,0.0,Nagaland Post,GLC-9142,http://www.nagalandpost.com/channelnews/state/StateNews.aspx?news=TkVXUzEwMDA5ODM4NA%3D%3D,India_Landslide_Catalog_Cleaned:9142,1,India Landslide Catalog,False,SOURCE,MEDIUM,2016-06-14_26.319_94.525,,False,,"A landslide occurred early Tuesday morning due to incessant rain, at lower Majakong Ward, where, a 3 tier retaining wall had collapsed destroying the bathroom and damaging the building walls below. Hearing the news of the calamity, the personnel of the State Disater Response Force, Mokokchung, led by dist. comm, Civil Defence & Home Guards, Watilemba promptly responded and carried out safety measures and debris removal. According to dist. commandant, Civil Defence & Home Guards, Watilemba, said “in cases of natural calamities or manmade disasters, the district administration intimates the State Disaster Response Force and that the personnel are ever ready to respond”. In such cases, one can also call the Toll Free Emergency Operation Center (EOC) No.913702291122, he added. Earlier, the district administration had verified the site of the slide.",EVENT,2016-06-14
IND-EVT-000767,EVENT,2016-06-22,2016.0,6.0,day,26.1961,91.7825,Assam,,"Piyali Phukan Nagar, Guwahati, India",,downpour,,,,,1.0,0.0,NYOOOZ,GLC-8222,http://www.nyoooz.com/guwahati/515423/woman-killed-in-wall-collapse-after-landslide-in-guwahati,India_Landslide_Catalog_Cleaned:8222,1,India Landslide Catalog,False,SOURCE,MEDIUM,2016-06-22_26.196_91.782,,False,,"A woman was buried alive in Piyali Phukan Nagar in the city when the guard wall of her house collapsed after a landslide. No one else from her family was injured.The rescue official said Rukia's house was located just on the edge of a hill. ""After almost three hours of wroking through the debris, Rukia's body was found,"" an official of the rescue team said. The victim was identified as Rukia Khatun.The incident occurred around noon on Wednesday.Though an operation to extricate her began soon, she could not be saved. Around 120 families have been relocated and more than 50 others have been asked to shift.",EVENT,2016-06-22
IND-EVT-000770,EVENT,2016-01-14,2016.0,1.0,day,27.1758,88.5294,West Bengal,,NH10 in Rangpo,,unknown,,,,,1.0,5.0,Hindustan Times,GLC-9215,http://www.hindustantimes.com/india/several-feared-buried-under-landslide-near-bengal-sikkim-border/story-1f7Ni6EagU54nghtFD9otO.html,India_Landslide_Catalog_Cleaned:9215,1,India Landslide Catalog,False,SOURCE,MEDIUM,2016-01-14_27.176_88.529,,False,,"An unspecified number of people are feared trapped after a large piece of rock, estimated to measure about 150 metres, broke off a hillock and crashed down on a stretch of the national highway connecting Sikkim with Bengal. One body was recovered and three injured persons were rescued had been rescued till 8.30 am, officials said. “Three persons have been rescued including two boys. A body of a truck driver has been recovered. It is suspected that two more may be trapped in the debris. Rescue teams are working,” said the Amit P Javalgig, the district police superintendent. The incident happened between 5 am and 5:30 am on Thursday. It was not possible to ascertain immediately how many vehicles or people might be buried under the landslide which took place at Bhotebhir on NH10, about 1 km from Rangpo which marks the Bengal-Sikkim border. It is 75 km from Siliguri in West Bengal. NH10 is the only major road that connects Sikkim with the rest of the country and all movement of tourists, m",EVENT,2016-01-14
IND-EVT-000775,EVENT,2016-10-15,2016.0,10.0,day,27.172,88.5292,Sikkim,,Rangpo,,downpour,,,,,0.0,0.0,Hindu,GLC-9620,http://www.thehindu.com/news/national/other-states/life-remains-hit-in-darjeeling-hills/article9222389.ece,India_Landslide_Catalog_Cleaned:9620,1,India Landslide Catalog,False,SOURCE,MEDIUM,2016-10-15_27.172_88.529,,False,,"The road on way to Peiling in Sikkim remained cut off due to landslides at Namchi and Rangpo but the Lava-Lolegaon route in Darjeeling was still working, though only for cars and the small vehicles took long detour through the second route, the officials said.",EVENT,2016-10-15
IND-EVT-000805,EVENT,2016-05-18,2016.0,5.0,day,24.5204,92.7264,Assam,,"Bilaipur, Hailakandi district, Assam, India",,continuous_rain,,,,,2.0,0.0,Indian Express,GLC-9334,http://indianexpress.com/article/india/india-news-india/at-least-10-killed-in-landslides-in-assam-rescue-operations-underway-2806810/,India_Landslide_Catalog_Cleaned:9334,1,India Landslide Catalog,False,SOURCE,MEDIUM,2016-05-18_24.520_92.726,,False,,"One of two landslides in Bilaipur triggered by the same rainfall event. Ten people were killed in landslides in Karimganj and Hailakandi districts in Barak Valley in Assam on Wednesday following incessant rains. In neighbouring Hailakandi district, two incidents of landslide killed four persons at Bilaipur and a six-year old boy at Ramchandi area, police officials said. The debris fell on two houses where the victims were sleeping early in the morning, they said. NDRF and police have been engaged in rescue and relief operations.",EVENT,2016-05-18
IND-EVT-000806,EVENT,2016-07-01,2016.0,7.0,day,27.0136,92.6351,Arunachal Pradesh,,"Old Inspection Bungalow, Bhalukpong town, West Kameng, Arunachal Pradesh, India",,downpour,,,,,5.0,3.0,The Hindu,GLC-8237,http://www.thehindu.com/news/national/many-killed-in-arunachal-landslip/article8798739.ece,India_Landslide_Catalog_Cleaned:8237,1,India Landslide Catalog,False,SOURCE,MEDIUM,2016-07-01_27.014_92.635,,False,,"At least five persons, including two women, were killed on Friday, while five others remained missing in a landslip that buried several houses in Arunachal Pradesh’s West Kameng district, which is being lashed by torrential rain. The landslip occurred when a small hillock near the Old Inspection Bungalow caved in and buried several houses in Bhalukpong town, West Kameng district Superintendent of Police A. Koan said. While five bodies were retrieved from the debris, five others were still missing as rescue operation had to be suspended due to darkness. Three rescued The SP, who is camping at Bhalukpong to supervise rescue operations, said torrential rain in the past couple of days have triggered flood-like situation in the town bordering Assam. Three persons have been rescued from the debris, but they have sustained serious injuries, he said.",EVENT,2016-07-01
IND-EVT-000868,EVENT,2016-04-22,2016.0,4.0,day,27.5799,91.8569,Arunachal Pradesh,,"Tawang, Arunachal Pradesh",,continuous_rain,,,,,17.0,0.0,Zee News,GLC-7655,http://zeenews.india.com/news/north-east/landslide-in-tawang-area-of-arunachal-pradesh-watch-video_1878690.html,India_Landslide_Catalog_Cleaned:7655,1,India Landslide Catalog,False,SOURCE,MEDIUM,2016-04-22_27.580_91.857,,False,,"TRMM shows no significant rainfall accumulation. Article: Continuous rain in the last couple of days led to a landslide at Famla village in Arunachal Pradesh's Tawang district early Friday, killing 17 people.",EVENT,2016-04-22
IND-EVT-000871,EVENT,2016-08-05,2016.0,8.0,day,27.5754,91.9754,Arunachal Pradesh,,Babrang village under Jang circle in Tawang district,,downpour,,,,,0.0,3.0,Business Standard,GLC-9464,http://www.business-standard.com/article/pti-stories/three-injured-houses-collapse-in-landslide-in-arunachal-116080700399_1.html,India_Landslide_Catalog_Cleaned:9464,1,India Landslide Catalog,False,SOURCE,MEDIUM,2016-08-05_27.575_91.975,,False,,"Three persons were injured and eight houses collapsed following landslides triggered by torrential rain at Barbara in Tawang district of Arunachal Pradesh, an official said today.",EVENT,2016-08-05
IND-EVT-000883,EVENT,2016-07-14,2016.0,7.0,day,26.1768,91.7702,Assam,,"Pub Sarania hill, South Sarania, Guwahati, Assam, India",,monsoon,,,,,1.0,0.0,Indian Express,GLC-8996,http://indianexpress.com/article/india/india-news-india/separate-landslides-kill-two-in-assam-2913748/,India_Landslide_Catalog_Cleaned:8996,1,India Landslide Catalog,False,SOURCE,MEDIUM,2016-07-14_26.177_91.770,,False,,"Trigger is likely monsoon rains because the incident occurred during monsoon season. Two persons, including a girl, were killed in landslides in Assam on Thursday. An octogenarian was killed when a sudden landslide buried his house at Pub Sarania hill, district deputy commissioner M Angamathu said.",EVENT,2016-07-14
IND-EVT-000965,EVENT,2016-07-28,2016.0,7.0,day,23.5397,93.3783,Mizoram,,"Ngur, near Mizoram-Myanmar border, India",,continuous_rain,,,,,2.0,6.0,Business Standard,GLC-9232,http://www.business-standard.com/article/pti-stories/two-killed-in-mizoram-landslide-116072900324_1.html,India_Landslide_Catalog_Cleaned:9232,1,India Landslide Catalog,False,SOURCE,MEDIUM,2016-07-28_23.540_93.378,,False,,"A woman and her three-year-old daughter were killed and six others injured when a house was hit by a massive landslide at Ngur village at Mizoram-Myanmar border, police said today. Bodies of Dawnsianmuangi (42) and her daughter were taken out from the mud by the villagers following the landslide last night. Dawnsiangmuangi's youngest daughter, who is three-month old, is safe, police said. One of the six injured persons was Laltlanthanga, a voluntary rescue worker, who sustained spinal injury and was brought to the Aizawl Civil Hospital. Nine families abandoned their houses in Ngur after incessant rainfall in village for two days, police said.",EVENT,2016-07-28
IND-EVT-001008,EVENT,2016-07-26,2016.0,7.0,day,26.0101,94.5282,Nagaland,,"Zunheboto, Nagaland, India",,downpour,,,,,0.0,0.0,Nagaland Post,GLC-9219,http://www.nagalandpost.com/ChannelNews/State/StateNews.aspx?news=TkVXUzEwMDEwMDE5MQ%3D%3D,India_Landslide_Catalog_Cleaned:9219,1,India Landslide Catalog,False,SOURCE,MEDIUM,2016-07-26_26.010_94.528,,False,,"Incessant heavy downpour since the past few weeks has caused landslides across Zunheboto district. On July 26 night, the kitchen of one of the employees of Zunheboto Town Council (ZTC) was completely damaged by a retaining wall which fell due to landslide in the area. On joint verification headed by Head DB, Zunheboto, Toyi and colony GB Vihoto Achumi it was learnt that the property was completely damaged by the landslide.",EVENT,2016-07-26
IND-EVT-001024,EVENT,2016-07-28,2016.0,7.0,day,27.5748,91.8644,Arunachal Pradesh,,"Dolma Lhakang complex, Lumla, Tawang, Arunachal Pradesh, India",,monsoon,,,,,0.0,0.0,Arunchal Times,GLC-9252,http://www.arunachaltimes.in/monsoon-fury-continues-to-pound-tawang/,India_Landslide_Catalog_Cleaned:9252,1,India Landslide Catalog,False,SOURCE,MEDIUM,2016-07-28_27.575_91.864,,False,,"Monsoon fury continues to pound Tawang with the rain not stopping, triggering heavy landslide causing extensive damages to roads, snapping water and power supplies in large part of the district. Fresh incidents of landslides and house collapses were reported on Friday after moderate to heavy rains lashed the region. Already cut-off from the mainland with water and power supply snapped, the connectivity inside the Lumla sub-division has been choked, bringing administrative functioning to a grinding halt. A major landslide has occurred at Dolma Lhakang complex on Thursday posing threat to the Tara Devi statue which is religious tourist place. “Landslide was taking place since last few days but it has reached near the statue due to continuous rain since Thursday. Immediate measures are needed to prevent further damage”, said Lama Tsedar, a monk. “Dolma Lhakang is an important landmark for Lumla, both from religious and tourism point of view. We are positive that administration will work o",EVENT,2016-07-28
IND-EVT-001189,EVENT,2016-07-16,2016.0,7.0,day,27.3034,93.804,Arunachal Pradesh,,"Hoj-Potin Highway, Arunachal Pradesh, India",,downpour,,,,,1.0,0.0,Arunachal Times,GLC-9010,http://www.arunachaltimes.in/man-washed-away-by-mudslide/,India_Landslide_Catalog_Cleaned:9010,1,India Landslide Catalog,False,SOURCE,MEDIUM,2016-07-16_27.303_93.804,,False,,In an unfortunate accident one Amit Lama was washed away by mudslide when he came out of his car to inspect the block point in the Hoj-Potin Highway. The district administration immediately pressed men and machines to recover the body. Till the filling of this report the body could not be recovered. However roads have opened for vehicle movement late in the evening.,EVENT,2016-07-16
IND-EVT-001216,EVENT,2016-05-18,2016.0,5.0,day,24.5308,92.5121,Assam,,"Ramchandi , Hailakandi District, Assam, India",,continuous_rain,,,,,1.0,0.0,Indian Express,GLC-9336,http://indianexpress.com/article/india/india-news-india/at-least-10-killed-in-landslides-in-assam-rescue-operations-underway-2806810/,India_Landslide_Catalog_Cleaned:9336,1,India Landslide Catalog,False,SOURCE,MEDIUM,2016-05-18_24.531_92.512,,False,,"Ten people were killed in landslides in Karimganj and Hailakandi districts in Barak Valley in Assam on Wednesday following incessant rains. In neighbouring Hailakandi district, two incidents of landslide killed four persons at Bilaipur and a six-year old boy at Ramchandi area, police officials said. The debris fell on two houses where the victims were sleeping early in the morning, they said. NDRF and police have been engaged in rescue and relief operations.",EVENT,2016-05-18
IND-EVT-001229,EVENT,2016-07-20,2016.0,7.0,day,26.1966,91.802,Assam,,"Noonmati, Guwahati, Assam, India",,rain,,,,,0.0,0.0,Times of India,GLC-9122,http://timesofindia.indiatimes.com/city/guwahati/Landslide-toll-touches-6-as-woman-buried-alive-in-Guwahati/articleshow/53314082.cms,India_Landslide_Catalog_Cleaned:9122,1,India Landslide Catalog,False,SOURCE,MEDIUM,2016-07-20_26.197_91.802,,False,,This was not the only incident of landslide in the city on Wednesday as a similar episode was also reported from the Noonmati locality. Two houses were completely buried under debris. No one suffered any injury.,EVENT,2016-07-20
IND-EVT-001245,EVENT,2016-07-19,2016.0,7.0,day,28.235,94.9612,Arunachal Pradesh,,"5 km off Sangam point on Aalo- Pangin road, Arunachal Pradesh, India",,downpour,,,,,0.0,0.0,NELive,GLC-9087,http://www.nelive.in/arunachal-pradesh/news/landslide-disrupts-road-communication-between-aalo-and-pangin,India_Landslide_Catalog_Cleaned:9087,1,India Landslide Catalog,False,SOURCE,MEDIUM,2016-07-19_28.235_94.961,,False,,"(Location along road estimated. Landslide may have occured a couple days before June 19, 2016). Landslides triggered by torrential rains over the past few days blocked the road at 5 km off Sangam point on Aalo- Pangin road causing a total disruption in road communication. According to official sources, men and machineries were pressed into service on Tuesday to clear the debris but without any progress as the landowners were obstructing the works demanding compensation. Meanwhile, Siang Deputy Commissioner Rahul Singh along with ADC and EAC Pangin visited the landslide-hit area on Tuesday to assess the extent of damage. He interacted with TK Engineering officials and asked them to put more men and machineries to carryout the restoration work.",EVENT,2016-07-19
IND-EVT-001334,EVENT,2016-05-18,2016.0,5.0,day,24.87,92.35,Assam,,Karimganj / Hailakandi,,,,Landslides,,,50+,,Major Landslides India compiled dataset,MAJOR-009,,Major2009_2026:9,1,Major compiled dataset,False,SOURCE,LOW,2016-05-18_24.870_92.350,,False,,Agricultural and property damage; approximate district,EVENT,2016-05-18
IND-EVT-001339,EVENT,2022-06-30,2022.0,6.0,day,24.85,93.5,Manipur,,Noney Tupul,,,,Landslide at railway construction,,,58-61,,Major Landslides India compiled dataset,MAJOR-015,,Major2009_2026:15,1,Major compiled dataset,False,SOURCE,LOW,2022-06-30_24.850_93.500,,False,,Army and civilian workers; approximate 18 injured 3-5 missing,EVENT,2022-06-30
IND-EVT-001343,EVENT,2026-partial,2026.0,,year,27.5,88.5,,,Various (Sikkim tunnel; Wayanad; NE; HP/UK monsoons),,,,Ongoing monsoon and construction-related,,,Scattered dozens,,Major Landslides India compiled dataset,MAJOR-019,,Major2009_2026:19,1,Major compiled dataset,False,SOURCE,LOW,2026-partial_27.500_88.500,,False,,Data incomplete as of Sep 2026; representative Many,EVENT,
IND-EVT-001347,EVENT,"June-July, 2020",2020.0,6.0,month,24.85536111111111,93.62402777777775,Manipur,Noney,"and around Longmai-Khumji Noney Area, Noney District, Manipur",,,,,,,,,Kaggle LandslideIncidences,KAGGLE-004,,KaggleLandslideIncidences:4,1,Kaggle dataset,False,SOURCE,MEDIUM,"June-July, 2020_24.855_93.624",,False,,"The Longmai landslide (Lat: 24°51’19.3”N and Lon: 93°37’26.5”E) occurred during the last week of June, 2020, along the upslope of the NH-37, the Imphal- Jiribam road about 500 meters from Noney Bazar towards Imphal. The landslide occurred at the eastern flank (hill slope of 45° toward 130° at sliding zone) of NNE-SSW trending hill ridge. Cracks in the concrete house, the paved drain and the approached road are observed. It caused subsidence of 40 cm in the crown portion of the slide and 60 cm in the highway. Five number of houses were partially damaged due to this slide. The Khumji Noney Slide (Lat: 24°5’45.7”N and Lon: 93°37’26.6”E) occurred about 100 meters from Noney bazaar towards Jiribam on the NH-37, Imphal-Jiribam road. The area is represented by highly dissected, rugged, NNE-SSW trending alternate synclinal hill ridges and anticlinal valleys showing a 2nd order topography. Excessive cutting of the slope for construction of waiting shed and water seepage in the upslope portion are the geo-scientific causes.",EVENT,
IND-EVT-001348,EVENT,2020-07-01,2020.0,7.0,day,25.515916666666666,94.1365277777778,Manipur,Senapati,"Mao Town, Senapati District, Manipur",,,,,,,,,Kaggle LandslideIncidences,KAGGLE-005,,KaggleLandslideIncidences:5,1,Kaggle dataset,False,SOURCE,MEDIUM,2020-07-01_25.516_94.137,,False,,"The Mao landslide (Lat: 25°30’57.3”N and Lon: 94°08’11.5”E) has affected an area of about 0.6 sq.km. posing immense risk to the critical road infrastructure and affecting the residential and commercial buildings along the NH-2 due to the development of tensional cracks and subsidence of the road bench. The present landslide affected area is part of the old-landslide zone, with thick unconsolidated/ semi consolidated debris above the in-situ bedrock. The landslide affected area has a very poor surface drainage management. During heavy rainfall during the month of June and July 2020, water flows over the road and remain stagnant within the depressions caused due to heavy vehicle movement with stagnant water along the road side-line concrete drainage. The transient downward water percolation on the road, steep and moderate steep slope, where the surface material is old-landslide debris has lead to the over-saturation of the underlying material.",EVENT,2020-07-01
IND-EVT-001353,EVENT,2020-05-24,2020.0,5.0,day,27.398666666666667,88.62358333333333,Sikkim,North Sikkim,"Dhare & Sitala, Kabi Village, North Sikkim District, Sikkim",,,,,,,,,Kaggle LandslideIncidences,KAGGLE-010,,KaggleLandslideIncidences:10,1,Kaggle dataset,False,SOURCE,MEDIUM,2020-05-24_27.399_88.624,,False,,"Two landslides occurred one each at Dhare and Sitala area, on 24th May 2020, 04 km away from Kabi Village towards Gangtok on North Sikkim Highway (NH 310A). The coordinates of the Dhare landslide (Lat: 27° 23′ 55.2″N and Lon: 88° 37′ 24.9″E) and Sitala landslide (Lat: 27° 23′ 54.2″N and Lon: 88° 37′ 32.4″E) and falls in SOI Toposheet No. 78A/11. At both the landslide locations, it has been observed that the area mainly comprises of unconsolidated soil and debris material. No in-situ rock was observed in and around the area. These two landslides are located in close proximity of a NE-SW trending Regional Fault which is the major cause of concern. Excessive water saturation due to improper irrigation practice (Cardamom) cultivation reduces shear strength parameters of slope forming materials and makes slope prone to failure. Toe erosion by unplanned cutting of road section, as observed at both Dharey and Satala area, may also result in slope failure.",EVENT,2020-05-24
IND-EVT-001354,EVENT,2020-05-24,2020.0,5.0,day,27.39305555555556,88.63527777777779,Sikkim,North Sikkim,"Kabi Village, North Sikkim District, Sikkim",,,,,,,,,Kaggle LandslideIncidences,KAGGLE-011,,KaggleLandslideIncidences:11,1,Kaggle dataset,False,SOURCE,MEDIUM,2020-05-24_27.393_88.635,,False,,"A landslide got reactivated on 24th May 2020, near upper Kabi Village area on the state highway, adjacent to the border between East and North Sikkim Districts of Sikkim, causing disruption of traffic. The location is about 22 km from Gangtok on Gangtok- Mangan North Sikkim Highway via Phodong. The coordinates of this landslide are Lat: 27° 23′ 35″N and Lon: 88° 38′ 7″E and falls in SOI Toposheet No. 78A/11. The landslide is characterized by wedge failure along with falling of bedrock material along a steep slope (>70°), due to the action of gravity and flow of water through weak planes, which resulted in the accumulation of huge amount of rock debris.",EVENT,2020-05-24
IND-EVT-001355,EVENT,2020-05-21,2020.0,5.0,day,25.62,91.8827222222222,Meghalaya,East Khasi Hills,"Mawlai-Umjapung, East Khasi Hills District, Meghalaya",,,,,,,,,Kaggle LandslideIncidences,KAGGLE-012,,KaggleLandslideIncidences:12,1,Kaggle dataset,False,SOURCE,MEDIUM,2020-05-21_25.620_91.883,,False,,"A landslide occurred at Mawlai-Umjapung about 50 m East of NH-40 on 21st May 2020 around 1:00 pm. It was reported that the landslide had partially buried a house (Lat: 25° 37’ 12” N, Lon: 91° 52’ 57.8” E), when a retaining wall collapsed after incessant rainfall. About 20 m x 15 m area on the gently dipping slope has been affected by the slide. A poorly constructed retaining wall collapsed onto a house destroying it into debris. A family of five people have been rendered homeless. The slope, modified for settlement is composed of a thick overburden of highly oxidised cohesive clayey soil. Incessant and heavy rainfall has led to increase in pore water pressure on the weak retaining wall besides static load due to settlement above the failed portion resulted into the failure.",EVENT,2020-05-21
IND-EVT-001357,EVENT,2019-10-26,2019.0,10.0,day,25.68176111111111,94.06811944444443,Nagaland,Dimapur,"NIT Campus, Dimapur District, Nagaland",,,,,,,,,Kaggle LandslideIncidences,KAGGLE-014,,KaggleLandslideIncidences:14,1,Kaggle dataset,False,SOURCE,MEDIUM,2019-10-26_25.682_94.068,,False,,"A landslide had taken place on 26th October, 2019 on the north western flank of NIT campus, Dimapur, Nagaland, due to the continuous rainfall for consecutive two days. The area falls in the Survey of India toposheet no. 83G/13 (Lat: 25° 40' 54.34"" N, Lon: 94° 04' 5.23"" E). The slide had damaged the half constructed RCC building on the down slope while another two RCC buildings/ quarters belonging to NIT have been affected. The boundary wall of NIT along with sanitary provisions and water tank of the quarters were also damaged. The two RCC buildings/ quarters on the upslope area lie in the vicinity of the crown part of the slide.",EVENT,2019-10-26
IND-EVT-001370,EVENT,2018-08-10,2018.0,8.0,day,27.31583333333333,88.60666666666665,Sikkim,East,"cidence at Upper Syari, Deorali-Gangtok, East district, Sikkim",,,,,,,,,Kaggle LandslideIncidences,KAGGLE-027,,KaggleLandslideIncidences:27,1,Kaggle dataset,False,SOURCE,MEDIUM,2018-08-10_27.316_88.607,,False,,"A large crack was reported on 09.08.2018 on Upper Syari road, near Deorali, Gangtok, East District, Sikkim. The landslide located (27°18’57”N and 88°36’24”E) in the vicinity of the residential complex of Auditor General (AG), Sikkim was initiated on 10.08.2018.",EVENT,2018-08-10
IND-EVT-001377,EVENT,2018-07-01,2018.0,7.0,day,24.99288888888889,94.23058333333331,Manipur,Ukhrul,"cidence at New Heaven-Lamlang Gate section of Imphal-Ukhrul road, Ukhrul district, Manipur",,,,,,,,,Kaggle LandslideIncidences,KAGGLE-034,,KaggleLandslideIncidences:34,1,Kaggle dataset,False,SOURCE,MEDIUM,2018-07-01_24.993_94.231,,False,,"The landslide along New Heaven-Lamlang Gate section of Old Imphal-Ukhrul road (24°59’34.4”N, 94°13’50.1”E) was blocked during the first week of July, 2018 (as per local residents) hindering traffic.",EVENT,2018-07-01
IND-EVT-001383,EVENT,2018-06-06,2018.0,6.0,day,24.781694444444444,93.77605555555556,Manipur,Noney,"cidence on NH-37, near Kotlen village, Noney district, Manipur",,,,,,,,,Kaggle LandslideIncidences,KAGGLE-040,,KaggleLandslideIncidences:40,1,Kaggle dataset,False,SOURCE,MEDIUM,2018-06-06_24.782_93.776,,False,,"The landslide located at Lat. 24°46'54.10""N and Long. 93°46'33.80""E occurred on 6th June 2018 and caused reported blockage of the Imphal-Jiribam Road. The landslide is a reactivation of an old landslide that has occurred due to antecedent heavy rainfall.",EVENT,2018-06-06
IND-EVT-001387,EVENT,2018-05-21,2018.0,5.0,day,26.11244444444445,94.75675,Nagaland,Tuensang,"cidence on Tuensang-Chessore-Shamatore road, Tuensang District, Nagaland",,,,,,,,,Kaggle LandslideIncidences,KAGGLE-044,,KaggleLandslideIncidences:44,1,Kaggle dataset,False,SOURCE,MEDIUM,2018-05-21_26.112_94.757,,False,,"The site is located at Lat. 26°6'44.80""N and Long. 94°45'24.30""E falling in the SOI toposheet no. 83 J/16.",EVENT,2018-05-21
IND-EVT-001396,EVENT,2017-06-04,2017.0,6.0,day,25.14435,93.94715,Manipur,Kangpokpi,"Kalikhola land subsidence, Kangpokpi district, Manipur",,,,,,,,,Kaggle LandslideIncidences,KAGGLE-053,,KaggleLandslideIncidences:53,1,Kaggle dataset,False,SOURCE,MEDIUM,2017-06-04_25.144_93.947,,False,,"The Kalikhola village and adjoining slope (25° 08.661' N, 93°56.829' E) located on the left bank slope of Kalikhola River in the Kangpokpi District, Manipur was reported to have affected by ground subsidence, earth cracks and sinking of the land on 4 June 2017 onwards. A central team led by GSI visited the affected site from 13 to 15 June 2017. Blocking of the river course, damming, consequent ingression of the water in the down/ slide slope and rapid toe cutting form the high velocity released water might have triggered the initiation of the failure and movement of material downslope. The heavy rainfall prior to 4 June 2017 and sudden release of water from the temporary dam accelerated further saturation, rapid toe erosion and dragging of the upslope mass and formation of large gaping cracks.",EVENT,2017-06-04
