source_name,source_link,event_id,event_date,event_title,event_description,location_description,location_accuracy,landslide_category,landslide_trigger,landslide_size,landslide_setting,fatality_count,injury_count,event_import_source,event_import_id,country_name,country_code,admin_division_name,admin_division_population,gazeteer_closest_point,gazeteer_distance,submitted_date,created_date,last_edited_date,longitude,latitude,dataset_source,original_event_date,event_date_standardized,event_date_only,original_latitude,original_longitude,latitude_standardized,longitude_standardized,coordinates_valid,latitude_compare,longitude_compare,date_compare,master_id,record_type,event_year,event_month,date_precision,state,district,location_name,initiation_year,triggering_factor,material_type,movement_type,activity,landslide_area,persons_death,source,source_event_id,source_record_url,source_records,source_count,coordinate_source,coordinate_inherited,match_confidence,data_quality,dedup_key,duplicate_group_id,is_duplicate,duplicate_of,notes,elevation,slope,aspect,soil_id,landcover_class,all_features_available
,,,,,,,,,,,,,,,,,,,,,,,,,91.056611,25.6985,LandslideGuard_Project_Master,,,,25.6985,91.056611,25.6985,91.056611,True,25.698,91.057,,IND-INV-026697,INVENTORY,,,unknown,Meghalaya,West Khasi Hills,1.1 km NNE of Nongprut,,Rainfall,Debris,Slide,Suspended,170.0,,Geological Survey of India (GSI) inventory,MG/WKH/78O02/2017/105,,GSI:19974,1.0,GSI,False,SOURCE,HIGH,25.698_91.057,,False,,OBJECTID=19974,889.13806,12.147326,242.45357,3647,30,True
,,,,,,,,,,,,,,,,,,,,,,,,,88.686142,26.996957,LandslideGuard_Project_Master,,,,26.996957,88.686142,26.996957,88.686142,True,26.997,88.686,,IND-INV-021209,INVENTORY,2015.0,,year,West Bengal,Darjeeling,GORUBATHAN/KOTHILINE UPPER FAGU,2015.0,Rainfall,Rock,Fall,Active,300.0,,Geological Survey of India (GSI) inventory,WB/DAR/78B09/2015/739,,GSI:13418,1.0,GSI,False,SOURCE,HIGH,26.997_88.686,,False,,OBJECTID=13418,800.6747,40.304096,88.05216,3662,10,True
,,,,,,,,,,,,,,,,,,,,,,,,,93.586167,25.029333,LandslideGuard_Project_Master,,,,25.029333,93.586167,25.029333,93.586167,True,25.029,93.586,,IND-INV-027944,INVENTORY,,,unknown,Manipur,Tamenglong,,,Rainfall,Debris,Slide,Active,56.0,,Geological Survey of India (GSI) inventory,MAN/TAM/83G12/2017/0060,,GSI:9584,1.0,GSI,False,SOURCE,HIGH,25.029_93.586,,False,,OBJECTID=9584,790.96466,16.985357,138.74094,4301,10,True
,,,,,,,,,,,,,,,,,,,,,,,,,94.101028,26.180639,LandslideGuard_Project_Master,,,,26.180639,94.101028,26.180639,94.101028,True,26.181,94.101,,IND-INV-025606,INVENTORY,,,unknown,Nagaland,Wokha,,,Rainfall,Debris,Slide,Active,35.0,,Geological Survey of India (GSI) inventory,NAG/WOK/83J/4/2016/0110,,GSI:7351,1.0,GSI,False,SOURCE,HIGH,26.181_94.101,,False,,OBJECTID=7351,561.03284,56.140587,334.78015,4276,10,True
,,,,,,,,,,,,,,,,,,,,,,,,,92.069033,25.489833,LandslideGuard_Project_Master,,,,25.489833,92.069033,25.489833,92.069033,True,25.49,92.069,,IND-INV-027158,INVENTORY,,,unknown,Meghalaya,East Khasi Hills,,,Rainfall,Rock,Slide,Suspended,3850.0,,Geological Survey of India (GSI) inventory,ME/EKH/83C02/2015/186,,GSI:9663,1.0,GSI,False,SOURCE,HIGH,25.490_92.069,,False,,OBJECTID=9663,1242.6842,18.205097,317.24243,3646,30,True
,,,,,,,,,,,,,,,,,,,,,,,,,94.151639,24.930944,LandslideGuard_Project_Master,,,,24.930944,94.151639,24.930944,94.151639,True,24.931,94.152,,IND-INV-024858,INVENTORY,,,unknown,Manipur,Ukhrul,,,Rainfall,Soil,Slide,Active,450.0,,Geological Survey of India (GSI) inventory,MN/UKH/83L01/2018/4,,GSI:23082,1.0,GSI,False,SOURCE,HIGH,24.931_94.152,,False,,OBJECTID=23082,1010.82874,25.047499,306.84518,4276,10,True
,,,,,,,,,,,,,,,,,,,,,,,,,95.975665,28.312731,LandslideGuard_Project_Master,,,,28.312731,95.975665,28.312731,95.975665,True,28.313,95.976,,IND-INV-023443,INVENTORY,,,unknown,Arunachal Pradesh,Lower Dibang Valley,From Hunli 11 km along HMH road,,Rainfall,Debris,Slide,Dormant,55.0,NIL,Geological Survey of India (GSI) inventory,AP/LDV/82P16/2022/114,,GSI:30383,1.0,GSI,False,SOURCE,HIGH,28.313_95.976,,False,,OBJECTID=30383,921.96344,28.694279,355.36047,11790,10,True
,,,,,,,,,,,,,,,,,,,,,,,,,92.951981,22.842268,LandslideGuard_Project_Master,,,,22.842268,92.951981,22.842268,92.951981,True,22.842,92.952,,IND-INV-030303,INVENTORY,,,unknown,Mizoram,Lunglei,,,"Rainfall, Anthropogenic",Debris,Slide,Active,0.0,,Geological Survey of India (GSI) inventory,MZ/LUN/84B13/2018/46,,GSI:21011,1.0,GSI,False,SOURCE,HIGH,22.842_92.952,,False,,OBJECTID=21011,1197.2108,27.261456,109.293976,4301,10,True
,,,,,,,,,,,,,,,,,,,,,,,,,94.472889,26.232556,LandslideGuard_Project_Master,,,,26.232556,94.472889,26.232556,94.472889,True,26.233,94.473,,IND-INV-023856,INVENTORY,,,unknown,Nagaland,Zunheboto,,,Rainfall,Debris,Slide,Active,60.0,,Geological Survey of India (GSI) inventory,NAG/ZUNH/83J08/2015/ 0075,,GSI:7209,1.0,GSI,False,SOURCE,HIGH,26.233_94.473,,False,,OBJECTID=7209,974.26416,8.435821,102.14797,4276,50,True
,,,,,,,,,,,,,,,,,,,,,,,,,88.5765,27.005346,LandslideGuard_Project_Master,,,,27.005346,88.5765,27.005346,88.5765,True,27.005,88.576,,IND-INV-021168,INVENTORY,2011.0,,year,West Bengal,Darjeeling,,2011.0,Rainfall,Debris,Slide,Active,936.0,,Geological Survey of India (GSI) inventory,WB/DAR/78A12/2015/1414,,GSI:12959,1.0,GSI,False,SOURCE,HIGH,27.005_88.576,,False,,OBJECTID=12959,1039.8306,25.618372,136.52168,3662,10,True
Telegraph India,http://www.telegraphindia.com/1120608/jsp/siliguri/story_15584321.jsp#.UN_I7eSx_K0com,4394.0,6/7/2012 4:30,"Rolep, South Sikkim( Mapping to Rhenock 12 miles from Rolep)","Seven persons, three of them children, were killed when landslides struck a village in East Sikkim after a spate of rain lashed the area last night. Four members of a family were also among those wiped out in the early morning strikes.","Rolep, South Sikkim( Mapping to Rhenock 12 miles from Rolep)",25km,landslide,rain,large,unknown,7.0,0.0,glc,4394.0,India,IN,Sikkim,4026.0,Rangpo,11.12431,4/1/2014 0:00,11/20/2017 15:17,2/15/2018 15:51,88.6458,27.1748,India_Media_Catalog,6/7/2012 4:30,2012-06-07 04:30:00,2012-06-07,27.1748,88.6458,27.1748,88.6458,True,27.175,88.646,2012-06-07,,,,,,,,,,,,,,,,,,,,,,,,,,,,,,938.9389,15.195665,244.69113,3662,10,True
The Sangai Express,http://www.thesangaiexpress.com/page/items/54212/massive-landslide-along-maram-peren-road-downpour-creates-havoc-in-different-parts,7267.0,7/22/2015 0:00,NH-2 between Senapati and Mao,"Reports from other locations also say that minor landslides, potholes, water-logging have been spotted along the NH-2 stretch between Senapati and Mao.",NH-2 between Senapati and Mao,10km,landslide,continuous_rain,small,above_road,0.0,0.0,glc,7267.0,India,IN,Manipur,92113.0,Kohima,31.50636,7/23/2015 16:38,11/20/2017 15:17,2/15/2018 15:51,94.0926,25.3908,India_Media_Catalog,7/22/2015 0:00,2015-07-22 00:00:00,2015-07-22,25.3908,94.0926,25.3908,94.0926,True,25.391,94.093,2015-07-22,,,,,,,,,,,,,,,,,,,,,,,,,,,,,,1307.4,16.6042,144.43633,4276,10,True
,,,,,,,,,,,,,,,,,,,,,,,,,88.599721,27.003629,LandslideGuard_Project_Master,,,,27.003629,88.599721,27.003629,88.599721,True,27.004,88.6,,IND-INV-021175,INVENTORY,1968.0,,year,West Bengal,Darjeeling,Downhill of Pemling village,1968.0,Rainfall,Debris,Slide,Suspended,2100.0,,Geological Survey of India (GSI) inventory,WB/DAR/78A12/2015/165,,GSI:11699,1.0,GSI,False,SOURCE,HIGH,27.004_88.600,,False,,OBJECTID=11699,610.2519,35.29115,120.506676,3662,30,True
,,,,,,,,,,,,,,,,,,,,,,,,,92.641035,24.171459,LandslideGuard_Project_Master,,,,24.171459,92.641035,24.171459,92.641035,True,24.171,92.641,,IND-INV-029468,INVENTORY,,,unknown,Mizoram,Kolasib,,,,Earth,Slide,Active,54.0,,Geological Survey of India (GSI) inventory,MZ/KOL/83D12/2016/18,,GSI:11440,1.0,GSI,False,SOURCE,HIGH,24.171_92.641,,False,,OBJECTID=11440,136.48166,18.738497,180.05312,3665,10,True
Saharas Samay,http://www.saharasamay.com/samayhtml/articles.aspx?newsid=80536,130.0,7/19/2007 0:00,Guwahati,closest to predicted location of Gauhati (167.34 km),Guwahati,25km,landslide,rain,medium,unknown,6.0,0.0,glc,130.0,India,IN,Assam,2000.0,Dispur,3.80164,4/1/2014 0:00,11/20/2017 15:17,2/15/2018 15:51,91.7986,26.1699,India_Media_Catalog,7/19/2007 0:00,2007-07-19 00:00:00,2007-07-19,26.1699,91.7986,26.1699,91.7986,True,26.17,91.799,2007-07-19,,,,,,,,,,,,,,,,,,,,,,,,,,,,,,150.23758,16.00369,192.4992,3637,10,True
,,,,,,,,,,,,,,,,,,,,,,,,,93.3,25.19,LandslideGuard_Project_Master,,,,25.19,93.3,25.19,93.3,True,25.19,93.3,,IND-INV-027870,INVENTORY,,,unknown,Assam,Dima Hasao,,,Rainfall,Rock,Slide,Active,72.0,,Geological Survey of India (GSI) inventory,AS/DIH/83G08/2020/34,,GSI:27558,1.0,GSI,False,SOURCE,HIGH,25.190_93.300,,False,,OBJECTID=27558,749.9982,44.531845,333.25705,4276,10,True
,,,,,,,,,,,,,,,,,,,,,,,,,94.101333,26.091861,LandslideGuard_Project_Master,,,,26.091861,94.101333,26.091861,94.101333,True,26.092,94.101,,IND-INV-025601,INVENTORY,2016.0,,year,Nagaland,Wokha,,2016.0,Rainfall,Debris,Slide,Active,200.0,,Geological Survey of India (GSI) inventory,NAG/WOK/83J/4/2016/0084,,GSI:7419,1.0,GSI,False,SOURCE,HIGH,26.092_94.101,,False,,OBJECTID=7419,720.0273,34.45926,317.11984,4276,10,True
,,,,,,,,,,,,,,,,,,,,,,,,,93.03,22.38,LandslideGuard_Project_Master,,,,22.38,93.03,22.38,93.03,True,22.38,93.03,,IND-INV-030285,INVENTORY,,,unknown,Mizoram,Saiha,NW of Lower Theira slide,,Rainfall,Rock,Slide,Suspended,0.0,,Geological Survey of India (GSI) inventory,MZ/SAI/84F03/2020/3,,GSI:28409,1.0,GSI,False,SOURCE,HIGH,22.380_93.030,,False,,OBJECTID=28409,1402.5055,39.783646,186.72131,4301,10,True
,,,,,,,,,,,,,,,,,,,,,,,,,88.616007,27.02078,LandslideGuard_Project_Master,,,,27.02078,88.616007,27.02078,88.616007,True,27.021,88.616,,IND-INV-021184,INVENTORY,2012.0,,year,West Bengal,Darjeeling,,2012.0,Rainfall,Debris,Slide,Active,4558.0,,Geological Survey of India (GSI) inventory,WB/DAR/78A12/2015/1431,,GSI:12964,1.0,GSI,False,SOURCE,HIGH,27.021_88.616,,False,,OBJECTID=12964,1029.9192,42.012257,193.51483,3662,10,True
,,,,,,,,,,,,,,,,,,,,,,,,,88.51384,27.23772,LandslideGuard_Project_Master,,,,27.23772,88.51384,27.23772,88.51384,True,27.238,88.514,,IND-INV-020942,INVENTORY,,,unknown,Sikkim,East Sikkim,6 km from Martam,,,Debris,Slide,Active,0.0,,Geological Survey of India (GSI) inventory,SKM/EAS/78A12/2014/002,,GSI:546,1.0,GSI,False,SOURCE,HIGH,27.238_88.514,,False,,OBJECTID=546,435.12634,30.416199,137.77063,3662,10,True
,,,,,,,,,,,,,,,,,,,,,,,,,93.428306,24.814333,LandslideGuard_Project_Master,,,,24.814333,93.428306,24.814333,93.428306,True,24.814,93.428,,IND-INV-027846,INVENTORY,,,unknown,Manipur,Noney,,,Rainfall,Debris,Slide,Active,104.0,,Geological Survey of India (GSI) inventory,MN/NON/83H05/2018/78,,GSI:24183,1.0,GSI,False,SOURCE,HIGH,24.814_93.428,,False,,OBJECTID=24183,415.3012,19.813519,69.86074,4301,10,True
,,,,,,,,,,,,,,,,,,,,,,,,,92.690145,23.754493,LandslideGuard_Project_Master,,,,23.754493,92.690145,23.754493,92.690145,True,23.754,92.69,,IND-INV-029002,INVENTORY,2016.0,,year,Mizoram,Aizawl,,2016.0,Rainfall,Rock,Slide,Suspended,72.0,,Geological Survey of India (GSI) inventory,MIZ/AIZ/84A09/2016/77,,GSI:11394,1.0,GSI,False,SOURCE,HIGH,23.754_92.690,,False,,OBJECTID=11394,692.85266,24.989819,22.486252,3665,10,True
,,,,,,,,,,,,,,,,,,,,,,,,,93.369417,25.423861,LandslideGuard_Project_Master,,,,25.423861,93.369417,25.423861,93.369417,True,25.424,93.369,,IND-INV-027619,INVENTORY,,,unknown,Assam,Dima Hasao,Kepre Tongikro Mongjang slide No.4,,Roadcut & Rainfall,Debris,Slide,Active,377.0,,Geological Survey of India (GSI) inventory,AS/DIM/83G07/2017/34,,GSI:13589,1.0,GSI,False,SOURCE,HIGH,25.424_93.369,,False,,OBJECTID=13589,379.8718,17.953234,231.03853,4276,10,True
,,,,,,,,,,,,,,,,,,,,,,,,,95.788465,28.335249,LandslideGuard_Project_Master,,,,28.335249,95.788465,28.335249,95.788465,True,28.335,95.788,,IND-INV-023272,INVENTORY,,,unknown,Arunachal Pradesh,Dibang Valley,From Roing 37.6 kms along NH-313 towards Hunli,,Rainfall,Rock,Slide,Active,560.0,NIL,Geological Survey of India (GSI) inventory,AP/DV/82P15/2022/106,,GSI:30375,1.0,GSI,False,SOURCE,HIGH,28.335_95.788,,False,,OBJECTID=30375,765.56464,40.645535,61.5739,11790,30,True
,,,,,,,,,,,,,,,,,,,,,,,,,93.508306,24.985167,LandslideGuard_Project_Master,,,,24.985167,93.508306,24.985167,93.508306,True,24.985,93.508,,IND-INV-027957,INVENTORY,,,unknown,Manipur,Tamenglong,Makru Bridge Landslide,,Rainfall,Debris,Slide,Active,680.0,,Geological Survey of India (GSI) inventory,MN/TMG/83H01/2018/001,,GSI:26148,1.0,GSI,False,SOURCE,HIGH,24.985_93.508,,False,,OBJECTID=26148,1236.4967,26.74087,40.83371,4301,50,True
,,,,,,,,,,,,,,,,,,,,,,,,,88.514528,27.433083,LandslideGuard_Project_Master,,,,27.433083,88.514528,27.433083,88.514528,True,27.433,88.515,,IND-INV-020851,INVENTORY,,,unknown,Sikkim,North Sikkim,,,Rainfall,Debris,Slide,Suspended,1000.0,,Geological Survey of India (GSI) inventory,SKM/NS/78A11/2015/86,,GSI:8674,1.0,GSI,False,SOURCE,HIGH,27.433_88.515,,False,,OBJECTID=8674,716.6507,38.872143,257.6703,3662,50,True
,,,,,,,,,,,,,,,,,,,,,,,,,96.54264,28.25203,LandslideGuard_Project_Master,,,,28.25203,96.54264,28.25203,96.54264,True,28.252,96.543,,IND-INV-023461,INVENTORY,,,unknown,Arunachal Pradesh,Anjaw,,,Heavy rainfall,Debris,Slide,Suspended,0.0,,Geological Survey of India (GSI) inventory,AR/ANJ/91D11/2014/38,,GSI:11,1.0,GSI,False,SOURCE,HIGH,28.252_96.543,,False,,OBJECTID=11,1894.707,24.736305,235.03041,11839,10,True
,,,,,,,,,,,,,,,,,,,,,,,,,88.695472,27.025056,LandslideGuard_Project_Master,,,,27.025056,88.695472,27.025056,88.695472,True,27.025,88.695,,IND-INV-021239,INVENTORY,2012.0,,year,West Bengal,Darjeeling,SOUTH OF PHAPERKHETI,2012.0,Rainfall,Rock cum Debris,Slide,Active,900.0,,Geological Survey of India (GSI) inventory,WB/DAR/78A12/2015/1386,,GSI:12955,1.0,GSI,False,SOURCE,HIGH,27.025_88.695,,False,,OBJECTID=12955,879.14636,41.476624,100.29481,3662,50,True
,,,,,,,,,,,,,,,,,,,,,,,,,93.21,24.21,LandslideGuard_Project_Master,,,,24.21,93.21,24.21,93.21,True,24.21,93.21,,IND-INV-028174,INVENTORY,,,unknown,Manipur,Pherzawl,,,Anthropogenic,Debris,Slide,Reactivated,3500.0,,Geological Survey of India (GSI) inventory,MN/PZL/83H04/2020/11,,GSI:27723,1.0,GSI,False,SOURCE,HIGH,24.210_93.210,,False,,OBJECTID=27723,852.74646,30.276491,275.7766,4301,10,True
,,,,,,,,,,,,,,,,,,,,,,,,,93.85,24.24,LandslideGuard_Project_Master,,,,24.24,93.85,24.24,93.85,True,24.24,93.85,,IND-INV-030502,INVENTORY,2018.0,,year,Manipur,Churachandpur,,2018.0,Rainfall,Rock,Slide,Suspended,150.0,,Geological Survey of India (GSI) inventory,MN/CCP/83H16/2020/1,,GSI:27860,1.0,GSI,False,SOURCE,HIGH,24.240_93.850,,False,,OBJECTID=27860,772.08746,7.0085278,165.0953,4276,40,True
,,,,,,,,,,,,,,,,,,,,,,,,,93.58,24.17,LandslideGuard_Project_Master,,,,24.17,93.58,24.17,93.58,True,24.17,93.58,,IND-INV-028343,INVENTORY,,,unknown,Manipur,Churachandpur,,,Anthropogenic,Debris,Slide,Active,204.0,,Geological Survey of India (GSI) inventory,MN/CCP/83H12/2020/35,,GSI:27846,1.0,GSI,False,SOURCE,HIGH,24.170_93.580,,False,,OBJECTID=27846,949.8865,15.069934,301.53647,4276,10,True
,,,,,,,,,,,,,,,,,,,,,,,,,92.859192,23.315806,LandslideGuard_Project_Master,,,,23.315806,92.859192,23.315806,92.859192,True,23.316,92.859,,IND-INV-029238,INVENTORY,2014.0,,year,Mizoram,Serchhip,,2014.0,Rainfall,Debris,Slide,Active,300.0,,Geological Survey of India (GSI) inventory,MZ/SER/84A15/2016/43,,GSI:11102,1.0,GSI,False,SOURCE,HIGH,23.316_92.859,,False,,OBJECTID=11102,1059.9445,10.434833,29.269482,4301,30,True
,,,,,,,,,,,,,,,,,,,,,,,,,92.79944,22.84553,LandslideGuard_Project_Master,,,,22.84553,92.79944,22.84553,92.79944,True,22.846,92.799,,IND-INV-030011,INVENTORY,,,unknown,Mizoram,Lunglei,Lunglei-12 slide,,,Rock,Fall,,0.0,,Geological Survey of India (GSI) inventory,MIZO/LUN/84B13/2005/E-25,,GSI:363,1.0,GSI,False,SOURCE,HIGH,22.846_92.799,,False,,OBJECTID=363,1302.6675,17.974838,205.92303,3665,10,True
,,,,,,,,,,,,,,,,,,,,,,,,,95.792489,28.217543,LandslideGuard_Project_Master,,,,28.217543,95.792489,28.217543,95.792489,True,28.218,95.792,,IND-INV-023237,INVENTORY,,,unknown,Arunachal Pradesh,Lower Dibang Valley,From Roing 19.87 kms along NH-313 towards Hunli,,Rainfall,Debris,Slide,Active,18.0,NIL,Geological Survey of India (GSI) inventory,AP/LDV/82P16/2022/59,,GSI:30346,1.0,GSI,False,SOURCE,HIGH,28.218_95.792,,False,,OBJECTID=30346,956.47546,35.46529,185.2378,3637,10,True
,,,,,,,,,,,,,,,,,,,,,,,,,93.848,25.598,LandslideGuard_Project_Master,,,,25.598,93.848,25.598,93.848,True,25.598,93.848,,IND-INV-025041,INVENTORY,2013.0,,year,Nagaland,Peren,,2013.0,Rainfall,Rock,Slide,Suspended,3225.0,,Geological Survey of India (GSI) inventory,NG/PER/83G14/2015/18,,GSI:8606,1.0,GSI,False,SOURCE,HIGH,25.598_93.848,,False,,OBJECTID=8606,1713.9777,42.879547,230.31833,4276,10,True
,,,,,,,,,,,,,,,,,,,,,,,,,95.551252,28.258144,LandslideGuard_Project_Master,,,,28.258144,95.551252,28.258144,95.551252,True,28.258,95.551,,IND-INV-023316,INVENTORY,,,unknown,Arunachal Pradesh,Lower Dibang Valley,Sisseri bridge slide,,Rainfall,Debris,Slide,Active,625.0,NIL,Geological Survey of India (GSI) inventory,AP/LDV/82P/11/2022/LS-86,,GSI:30230,1.0,GSI,False,SOURCE,HIGH,28.258_95.551,,False,,OBJECTID=30230,584.4858,36.00109,21.460894,11775,30,True
,,,,,,,,,,,,,,,,,,,,,,,,,95.075806,26.041611,LandslideGuard_Project_Master,,,,26.041611,95.075806,26.041611,95.075806,True,26.042,95.076,,IND-INV-023713,INVENTORY,,,unknown,Nagaland,Noklak,,,Rainfall,Rock,Slide,Active,7500.0,,Geological Survey of India (GSI) inventory,NG/NOK/83N04/2017/53,,GSI:14846,1.0,GSI,False,SOURCE,HIGH,26.042_95.076,,False,,OBJECTID=14846,1487.5232,27.846806,39.34294,4276,30,True
,,,,,,,,,,,,,,,,,,,,,,,,,95.858449,28.472858,LandslideGuard_Project_Master,,,,28.472858,95.858449,28.472858,95.858449,True,28.473,95.858,,IND-INV-023337,INVENTORY,,,unknown,Arunachal Pradesh,Dibang Valley,From Hunli 46.4 kms along NH-313 towards Anini,,Rainfall,Rock,Fall,Dormant,608.0,NIL,Geological Survey of India (GSI) inventory,AP/DV/82P15/2022/141,,GSI:30408,1.0,GSI,False,SOURCE,HIGH,28.473_95.858,,False,,OBJECTID=30408,813.9145,39.721733,184.79105,11790,10,True
,,,,,,,,,,,,,,,,,,,,,,,,,93.068219,23.647593,LandslideGuard_Project_Master,,,,23.647593,93.068219,23.647593,93.068219,True,23.648,93.068,,IND-INV-028745,INVENTORY,,,unknown,Mizoram,Champhai,,,"Rainfall, Anthropogenic",Debris,Slide,Active,0.0,,Geological Survey of India (GSI) inventory,MZ/CHA/84E02/2017/0120,,GSI:17681,1.0,GSI,False,SOURCE,HIGH,23.648_93.068,,False,,OBJECTID=17681,860.578,30.942827,99.03782,4301,30,True
,,,,,,,,,,,,,,,,,,,,,,,,,88.510611,27.162194,LandslideGuard_Project_Master,,,,27.162194,88.510611,27.162194,88.510611,True,27.162,88.511,,IND-INV-021667,INVENTORY,,,unknown,Sikkim,South Sikkim,,,Rainfall,Debris,Slide,Active,500.0,,Geological Survey of India (GSI) inventory,SKM/SS/78A12/2015/172,,GSI:9319,1.0,GSI,False,SOURCE,HIGH,27.162_88.511,,False,,OBJECTID=9319,1000.7913,27.250929,139.21965,3662,30,True
,,,,,,,,,,,,,,,,,,,,,,,,,93.016722,25.199722,LandslideGuard_Project_Master,,,,25.199722,93.016722,25.199722,93.016722,True,25.2,93.017,,IND-INV-027671,INVENTORY,2016.0,,year,Assam,Dima Hasao,Haflong-Gunjung road section slide-10,2016.0,Heavy rainfall,Debris,Slide,Active,4000.0,,Geological Survey of India (GSI) inventory,ASM/DH/83G4/2016/39,,GSI:13675,1.0,GSI,False,SOURCE,HIGH,25.200_93.017,,False,,OBJECTID=13675,429.8377,17.46579,17.629272,4276,10,True
,,,,,,,,,,,,,,,,,,,,,,,,,93.750417,27.240556,LandslideGuard_Project_Master,,,,27.240556,93.750417,27.240556,93.750417,True,27.241,93.75,,IND-INV-026160,INVENTORY,,,unknown,Arunachal Pradesh,Papum Pare,Mep Soro-Jote road section slide 6,,Rainfall and anthropogenic activity,Debris,Slide,Reactivated,4550.0,--,Geological Survey of India (GSI) inventory,AP/PAP/83E16/2021/55,,GSI:30754,1.0,GSI,False,SOURCE,HIGH,27.241_93.750,,False,,OBJECTID=30754,374.40695,31.569944,177.11487,11775,50,True
,,,,,,,,,,,,,,,,,,,,,,,,,96.33161,27.91647,LandslideGuard_Project_Master,,,,27.91647,96.33161,27.91647,96.33161,True,27.916,96.332,,IND-INV-023538,INVENTORY,,,unknown,Arunachal Pradesh,Lohit,,,Heavy rainfall,Rock,Slide,Suspended,0.0,,Geological Survey of India (GSI) inventory,AR/LOH/92A05/2014/49,,GSI:52,1.0,GSI,False,SOURCE,HIGH,27.916_96.332,,False,,OBJECTID=52,1198.6641,30.706194,238.36238,3637,10,True
,,,,,,,,,,,,,,,,,,,,,,,,,94.432472,25.854278,LandslideGuard_Project_Master,,,,25.854278,94.432472,25.854278,94.432472,True,25.854,94.432,,IND-INV-024017,INVENTORY,,,unknown,Nagaland,Zunheboto,,,Rainfall,Rock,Fall,Reactivated,2000.0,,Geological Survey of India (GSI) inventory,NAG/ZUN/83K5/2016/019,,GSI:9665,1.0,GSI,False,SOURCE,HIGH,25.854_94.432,,False,,OBJECTID=9665,1774.2444,43.35583,263.10098,4276,10,True
,,,,,,,,,,,,,,,,,,,,,,,,,92.597111,23.784278,LandslideGuard_Project_Master,,,,23.784278,92.597111,23.784278,92.597111,True,23.784,92.597,,IND-INV-028980,INVENTORY,2016.0,,year,Mizoram,Mamit,,2016.0,Rainfall,Debris,Slide,Suspended,2.5,,Geological Survey of India (GSI) inventory,MIZ/AIZ/84A09/2016/93,,GSI:11008,1.0,GSI,False,SOURCE,HIGH,23.784_92.597,,False,,OBJECTID=11008,411.67963,23.331974,34.869167,3665,10,True
,,,,,,,,,,,,,,,,,,,,,,,,,93.020859,23.959278,LandslideGuard_Project_Master,,,,23.959278,93.020859,23.959278,93.020859,True,23.959,93.021,,IND-INV-028859,INVENTORY,,,unknown,Mizoram,Aizawl,,,Rainfall,Debris,Slide,Active,0.0,,Geological Survey of India (GSI) inventory,MZ/AIZ/84E01/2017/63,,GSI:17868,1.0,GSI,False,SOURCE,HIGH,23.959_93.021,,False,,OBJECTID=17868,870.59827,39.20751,197.63988,4301,10,True
,,,,,,,,,,,,,,,,,,,,,,,,,93.156387,23.791277,LandslideGuard_Project_Master,,,,23.791277,93.156387,23.791277,93.156387,True,23.791,93.156,,IND-INV-028796,INVENTORY,,,unknown,Mizoram,Champhai,,,Rainfall,Debris,Slide,Reactivated,0.0,,Geological Survey of India (GSI) inventory,MZ/CHA/84E01/2017/15,,GSI:16924,1.0,GSI,False,SOURCE,HIGH,23.791_93.156,,False,,OBJECTID=16924,659.00726,35.370373,111.386284,4301,10,True
timesofindia.indiatimes,http://timesofindia.indiatimes.com/india/13-killed-as-rains-wrack-havoc-in-north-and-eastern-India-/articleshow/6532367.cms,2405.0,9/9/2010 23:00,"Mossing(Mosing) village(?), Upper Siang district, Arunachal Pradesh","Sep 10, 2010, 09.40pm IST  NEW DELHI: Thirteen people were killed as heavy monsoon rains wracked havoc in north and east India, triggering landslides and inundating lakhs of acres of farmland on Friday.  At least eight people were buried alive under the debris following massive landslides triggered by incessant rains in Arunachal Pradesh.  Upper Siang district remained cut off after a vital bridge connecting the area with other places was badly damaged due to flash floods and landslides.  ","Mossing(Mosing) village(?), Upper Siang district, Arunachal Pradesh",unknown,landslide,downpour,medium,unknown,10.0,0.0,glc,2405.0,India,IN,Arunāchal Pradesh,25581.0,Pāsighāt,27.57255,4/1/2014 0:00,11/20/2017 15:17,2/15/2018 15:51,95.4112,28.3036,India_Media_Catalog,9/9/2010 23:00,2010-09-09 23:00:00,2010-09-09,28.3036,95.4112,28.3036,95.4112,True,28.304,95.411,2010-09-09,,,,,,,,,,,,,,,,,,,,,,,,,,,,,,1800.0016,48.01811,112.00716,11864,10,True
,,,,,,,,,,,,,,,,,,,,,,,,,88.695194,27.629361,LandslideGuard_Project_Master,,,,27.629361,88.695194,27.629361,88.695194,True,27.629,88.695,,IND-INV-020815,INVENTORY,,,unknown,Sikkim,North Sikkim,,,Rainfall,Debris,Slide,Dormant,2400.0,,Geological Survey of India (GSI) inventory,SKM/NS/78A10/2017/202,,GSI:12448,1.0,GSI,False,SOURCE,HIGH,27.629_88.695,,False,,OBJECTID=12448,2063.2563,43.19793,175.76129,3662,10,True
,,,,,,,,,,,,,,,,,,,,,,,,,94.782333,26.234778,LandslideGuard_Project_Master,,,,26.234778,94.782333,26.234778,94.782333,True,26.235,94.782,,IND-INV-023759,INVENTORY,,,unknown,Nagaland,Tuensang,,,Rainfall,Earth,Slide,Reactivated,1050.0,,Geological Survey of India (GSI) inventory,NAG/TUN/83J16/2016/0044,,GSI:9756,1.0,GSI,False,SOURCE,HIGH,26.235_94.782,,False,,OBJECTID=9756,1655.4851,29.32699,7.511175,4276,50,True
,,,,,,,,,,,,,,,,,,,,,,,,,93.1,24.24,LandslideGuard_Project_Master,,,,24.24,93.1,24.24,93.1,True,24.24,93.1,,IND-INV-028238,INVENTORY,,,unknown,Manipur,Pherzawl,,,Rainfall,Debris,Slide,Stabilized,80.0,,Geological Survey of India (GSI) inventory,MN/PZL/83H04/2020/3,,GSI:27715,1.0,GSI,False,SOURCE,HIGH,24.240_93.100,,False,,OBJECTID=27715,797.1393,16.600296,220.49167,4301,10,True
,,,,,,,,,,,,,,,,,,,,,,,,,94.541667,25.069806,LandslideGuard_Project_Master,,,,25.069806,94.541667,25.069806,94.541667,True,25.07,94.542,,IND-INV-024366,INVENTORY,,,unknown,Manipur,Ukhrul,,,Rainfall,Debris,Slide,Active,1575.0,,Geological Survey of India (GSI) inventory,MN/UKH/83K12/2017/8,,GSI:14575,1.0,GSI,False,SOURCE,HIGH,25.070_94.542,,False,,OBJECTID=14575,1579.8729,26.029932,347.42194,4301,10,True
,,,,,,,,,,,,,,,,,,,,,,,,,94.50975,25.313,LandslideGuard_Project_Master,,,,25.313,94.50975,25.313,94.50975,True,25.313,94.51,,IND-INV-024434,INVENTORY,,,unknown,Manipur,Ukhrul,,,Rainfall,Debris,Slide,Active,150.0,,Geological Survey of India (GSI) inventory,MN/UKH/83K11/2017/2,,GSI:15521,1.0,GSI,False,SOURCE,HIGH,25.313_94.510,,False,,OBJECTID=15521,1417.685,33.11,143.11855,4301,30,True
,,,,,,,,,,,,,,,,,,,,,,,,,94.8175,26.258889,LandslideGuard_Project_Master,,,,26.258889,94.8175,26.258889,94.8175,True,26.259,94.818,,IND-INV-023778,INVENTORY,,,unknown,Nagaland,Tuensang,,,"Rainfall, Anthropogenic",Rock,Slide,Reactivated,5250.0,,Geological Survey of India (GSI) inventory,NG/TUE/83J15/2017/14,,GSI:14998,1.0,GSI,False,SOURCE,HIGH,26.259_94.817,,False,,OBJECTID=14998,1346.5435,16.747177,71.63729,4276,10,True
,,,,,,,,,,,,,,,,,,,,,,,,,94.426,25.603,LandslideGuard_Project_Master,,,,25.603,94.426,25.603,94.426,True,25.603,94.426,,IND-INV-024065,INVENTORY,,,unknown,Nagaland,Phek,,,,Debris,Subsidence,Active,2623.0,,Geological Survey of India (GSI) inventory,NG/PHE/83K6/2015/258,,GSI:7509,1.0,GSI,False,SOURCE,HIGH,25.603_94.426,,False,,OBJECTID=7509,833.13855,24.032509,106.12193,4276,30,True
,,,,,,,,,,,,,,,,,,,,,,,,,89.575733,26.764622,LandslideGuard_Project_Master,,,,26.764622,89.575733,26.764622,89.575733,True,26.765,89.576,,IND-INV-020525,INVENTORY,2010.0,,year,West Bengal,Jalpaiguri,,2010.0,Rainfall,Debris,Slide,Active,2184.0,,Geological Survey of India (GSI) inventory,WB/JAL/78F09/2015/868,,GSI:12811,1.0,GSI,False,SOURCE,HIGH,26.765_89.576,,False,,OBJECTID=12811,778.2631,31.381008,302.49472,3849,10,True
,,,,,,,,,,,,,,,,,,,,,,,,,94.567111,24.919917,LandslideGuard_Project_Master,,,,24.919917,94.567111,24.919917,94.567111,True,24.92,94.567,,IND-INV-024300,INVENTORY,,,unknown,Manipur,Kamjong,,,Anthropogenic,Soil,Slide,Active,75.0,,Geological Survey of India (GSI) inventory,MN/KAM/83L09/2017/39,,GSI:15042,1.0,GSI,False,SOURCE,HIGH,24.920_94.567,,False,,OBJECTID=15042,1168.3134,35.65635,183.0835,4301,10,True
,,,,,,,,,,,,,,,,,,,,,,,,,92.702889,23.744972,LandslideGuard_Project_Master,,,,23.744972,92.702889,23.744972,92.702889,True,23.745,92.703,,IND-INV-029010,INVENTORY,,,unknown,Mizoram,Aizawl,,,Rainfall,Rock,Slide,Stabilized,1485.0,,Geological Survey of India (GSI) inventory,MZ/AIZ/84A10/2015/221,,GSI:11530,1.0,GSI,False,SOURCE,HIGH,23.745_92.703,,False,,OBJECTID=11530,837.9518,32.37588,344.0818,3665,10,True
,,,,,,,,,,,,,,,,,,,,,,,,,88.508,27.182111,LandslideGuard_Project_Master,,,,27.182111,88.508,27.182111,88.508,True,27.182,88.508,,IND-INV-021694,INVENTORY,,,unknown,Sikkim,East Sikkim,,,Rainfall,Rock,Slide,Active,500.0,,Geological Survey of India (GSI) inventory,SKM/ES/78A12/2015/144,,GSI:10164,1.0,GSI,False,SOURCE,HIGH,27.182_88.508,,False,,OBJECTID=10164,368.08585,49.739693,255.35275,3662,10,True
,,,,,,,,,,,,,,,,,,,,,,,,,94.114,25.622,LandslideGuard_Project_Master,,,,25.622,94.114,25.622,94.114,True,25.622,94.114,,IND-INV-025199,INVENTORY,,,unknown,Nagaland,Kohima,,,Heavy rainfall,Debris,Composite,Active,48000.0,,Geological Survey of India (GSI) inventory,NG/KOH/83K2/2015/230,,GSI:7320,1.0,GSI,False,SOURCE,HIGH,25.622_94.114,,False,,OBJECTID=7320,1628.0405,31.757372,93.72178,4276,30,True
,,,,,,,,,,,,,,,,,,,,,,,,,91.022019,25.611361,LandslideGuard_Project_Master,,,,25.611361,91.022019,25.611361,91.022019,True,25.611,91.022,,IND-INV-026702,INVENTORY,,,unknown,Meghalaya,West Khasi Hills,0.6 km NE of Langumshing,,Rainfall,Debris,Slide,Suspended,120.0,,Geological Survey of India (GSI) inventory,MG/WKH/78O02/2017/98,,GSI:20131,1.0,GSI,False,SOURCE,HIGH,25.611_91.022,,False,,OBJECTID=20131,932.9705,16.88656,220.48541,3647,10,True
,,,,,,,,,,,,,,,,,,,,,,,,,88.711694,27.638694,LandslideGuard_Project_Master,,,,27.638694,88.711694,27.638694,88.711694,True,27.639,88.712,,IND-INV-020811,INVENTORY,,,unknown,Sikkim,North Sikkim,,,Rainfall,Debris,Slide,Active,8400.0,,Geological Survey of India (GSI) inventory,SKM/NS/78A10/2017/204,,GSI:12450,1.0,GSI,False,SOURCE,HIGH,27.639_88.712,,False,,OBJECTID=12450,2293.7913,22.017595,114.05709,3717,10,True
,,,,,,,,,,,,,,,,,,,,,,,,,92.61,22.18,LandslideGuard_Project_Master,,,,22.18,92.61,22.18,92.61,True,22.18,92.61,,IND-INV-029753,INVENTORY,2019.0,,year,Mizoram,Lawngtlai,Chhippui to Parva road slide 1,2019.0,Rainfall,Rock,Slide,Active,0.0,,Geological Survey of India (GSI) inventory,MZ/LAW/84B12/2020/19,,GSI:28358,1.0,GSI,False,SOURCE,HIGH,22.180_92.610,,False,,OBJECTID=28358,211.34685,9.065468,121.03112,3665,10,True
,,,,,,,,,,,,,,,,,,,,,,,,,93.315313,23.075896,LandslideGuard_Project_Master,,,,23.075896,93.315313,23.075896,93.315313,True,23.076,93.315,,IND-INV-030366,INVENTORY,,,unknown,Mizoram,Champhai,,,Rainfall and Anthropogenic,Debris,Slide,Active,0.0,,Geological Survey of India (GSI) inventory,MZ/CHA/84E08/2017/43,,GSI:16060,1.0,GSI,False,SOURCE,HIGH,23.076_93.315,,False,,OBJECTID=16060,1094.571,41.915043,76.54727,4301,30,True
,,,,,,,,,,,,,,,,,,,,,,,,,95.071889,26.785722,LandslideGuard_Project_Master,,,,26.785722,95.071889,26.785722,95.071889,True,26.786,95.072,,IND-INV-025988,INVENTORY,,,unknown,Nagaland,Mon,,,Rainfall,Rock,Slide,Active,35.0,,Geological Survey of India (GSI) inventory,NG/MON/83N01/2017/23,,GSI:15482,1.0,GSI,False,SOURCE,HIGH,26.786_95.072,,False,,OBJECTID=15482,865.43274,21.779898,91.52565,4276,10,True
,,,,,,,,,,,,,,,,,,,,,,,,,93.12083,25.65167,LandslideGuard_Project_Master,,,,25.65167,93.12083,25.65167,93.12083,True,25.652,93.121,,IND-INV-027542,INVENTORY,2014.0,,year,Assam,Dima Hasao,,2014.0,,Earth,Slide,Active,678.0,,Geological Survey of India (GSI) inventory,AS/DIM/83G2/2015/02,,GSI:4918,1.0,GSI,False,SOURCE,HIGH,25.652_93.121,,False,,OBJECTID=4918,342.1542,15.424828,333.89948,4255,10,True
,,,,,,,,,,,,,,,,,,,,,,,,,88.5205,27.035111,LandslideGuard_Project_Master,,,,27.035111,88.5205,27.035111,88.5205,True,27.035,88.52,,IND-INV-021527,INVENTORY,2015.0,,year,West Bengal,Darjeeling,,2015.0,Rainfall,Rock,Slide,Dormant,300.0,,Geological Survey of India (GSI) inventory,WB/DAR/78A12/2015/1307,,GSI:12994,1.0,GSI,False,SOURCE,HIGH,27.035_88.520,,False,,OBJECTID=12994,938.95886,29.980902,350.6422,3850,10,True
,,,,,,,,,,,,,,,,,,,,,,,,,94.611953,28.133963,LandslideGuard_Project_Master,,,,28.133963,94.611953,28.133963,94.611953,True,28.134,94.612,,IND-INV-023034,INVENTORY,,,unknown,Arunachal Pradesh,West Siang,Yomcha-Aalo Road Slide,,"Rainfall, Anthropogenic",Rock-cum-Debris,Slide,Active,4000.0,NIL,Geological Survey of India (GSI) inventory,AR/WSI/82L12/2021/12,,GSI:25017,1.0,GSI,False,SOURCE,HIGH,28.134_94.612,,False,,OBJECTID=25017,946.2665,46.818302,196.57538,11839,10,True
,,,,,,,,,,,,,,,,,,,,,,,,,93.017,25.159333,LandslideGuard_Project_Master,,,,25.159333,93.017,25.159333,93.017,True,25.159,93.017,,IND-INV-027759,INVENTORY,2016.0,,year,Assam,Dima Hasao,Gadhi Rojai Slide,2016.0,Heavy rainfall,Earth,Slide,Active,60.0,,Geological Survey of India (GSI) inventory,ASM/DH/83G4/2016/30,,GSI:13775,1.0,GSI,False,SOURCE,HIGH,25.159_93.017,,False,,OBJECTID=13775,680.9948,5.3294125,42.26265,4276,10,True
,,,,,,,,,,,,,,,,,,,,,,,,,93.55,24.33,LandslideGuard_Project_Master,,,,24.33,93.55,24.33,93.55,True,24.33,93.55,,IND-INV-028328,INVENTORY,,,unknown,Manipur,Churachandpur,,,Rainfall,Debris,Slide,Active,440.0,,Geological Survey of India (GSI) inventory,MN/CCP/83H11/2020/23,,GSI:27787,1.0,GSI,False,SOURCE,HIGH,24.330_93.550,,False,,OBJECTID=27787,1024.3303,22.228699,284.30203,4301,10,True
,,,,,,,,,,,,,,,,,,,,,,,,,92.62,22.22,LandslideGuard_Project_Master,,,,22.22,92.62,22.22,92.62,True,22.22,92.62,,IND-INV-029731,INVENTORY,,,unknown,Mizoram,Lawngtlai,Chhippui slide,,Rainfall,Debris,Slide,Active,0.0,,Geological Survey of India (GSI) inventory,MZ/LAW/84B12/2020/7,,GSI:28346,1.0,GSI,False,SOURCE,HIGH,22.220_92.620,,False,,OBJECTID=28346,199.42604,15.516054,201.12335,3665,10,True
,,,,,,,,,,,,,,,,,,,,,,,,,91.737944,25.568056,LandslideGuard_Project_Master,,,,25.568056,91.737944,25.568056,91.737944,True,25.568,91.738,,IND-INV-026943,INVENTORY,2016.0,,year,Meghalaya,West Khasi Hills,Pyrda village slide1,2016.0,Rainfall,Rock,Slide,Active,300.0,,Geological Survey of India (GSI) inventory,MEG/WKH/78O10/2016/11,,GSI:10140,1.0,GSI,False,SOURCE,HIGH,25.568_91.738,,False,,OBJECTID=10140,1699.2373,18.252005,70.72656,3647,30,True
www.nagalandpost.com,http://www.nagalandpost.com/channelnews/state/StateNews.aspx?news=TkVXUzEwMDA0NjAwNw%3D%3D-%2FtfIAOw1uMk%3D,4906.0,6/7/2013 0:00,"Helipong-Chessore Road, Nagaland","Chessore Area GBÕs Union (CAGBU) has expressed gratitude to parliamentary secretary CAWD R. Tohanba for deploying his own excavator and men for clearing up the landslide along Helipong-Chessore road. The road was blockade due to heavy landslide since early June 2013. Following the clearance of landslide, vehicles can now pass through this road. In a press release, CAGBU general secretary R. Ramji and vice president S. Neoji also appealed to the department  of PWD (R& B) to look after the road condition of Helipong- Chessore for the welfare of the general public","Helipong-Chessore Road, Nagaland",10km,landslide,unknown,medium,unknown,0.0,0.0,glc,4906.0,India,IN,Nāgāland,33748.0,Tuensang,20.17679,4/1/2014 0:00,11/20/2017 15:17,2/15/2018 15:51,94.7499,26.0977,India_Media_Catalog,6/7/2013 0:00,2013-06-07 00:00:00,2013-06-07,26.0977,94.7499,26.0977,94.7499,True,26.098,94.75,2013-06-07,,,,,,,,,,,,,,,,,,,,,,,,,,,,,,1552.9933,6.022054,259.79678,4276,10,True
,,,,,,,,,,,,,,,,,,,,,,,,,94.073306,25.832333,LandslideGuard_Project_Master,,,,25.832333,94.073306,25.832333,94.073306,True,25.832,94.073,,IND-INV-025553,INVENTORY,,,unknown,Nagaland,Kohima,,,Rainfall,Debris,Slide,Active,450.0,,Geological Survey of India (GSI) inventory,NAG/KOH/83K1/2016/075,,GSI:10695,1.0,GSI,False,SOURCE,HIGH,25.832_94.073,,False,,OBJECTID=10695,750.1483,30.12087,245.70445,4276,10,True
,,,,,,,,,,,,,,,,,,,,,,,,,94.730417,27.821889,LandslideGuard_Project_Master,,,,27.821889,94.730417,27.821889,94.730417,True,27.822,94.73,,IND-INV-026081,INVENTORY,,,unknown,Arunachal Pradesh,West Siang,Ego- Basar road slide 1,,Rainfall and anthropogenic activity,Debris,Slide,Active,2400.0,--,Geological Survey of India (GSI) inventory,AP/WSG/83I09/2021/95,,GSI:30794,1.0,GSI,False,SOURCE,HIGH,27.822_94.730,,False,,OBJECTID=30794,636.6906,20.240509,200.00072,11790,10,True
,,,,,,,,,,,,,,,,,,,,,,,,,93.166359,23.801001,LandslideGuard_Project_Master,,,,23.801001,93.166359,23.801001,93.166359,True,23.801,93.166,,IND-INV-028802,INVENTORY,,,unknown,Mizoram,Champhai,,,Rainfall,Debris,Slide,Suspended,0.0,,Geological Survey of India (GSI) inventory,MZ/CHA/84E01/2017/1,,GSI:17770,1.0,GSI,False,SOURCE,HIGH,23.801_93.166,,False,,OBJECTID=17770,568.18176,36.198105,148.53267,4301,10,True
,,,,,,,,,,,,,,,,,,,,,,,,,92.797028,22.850847,LandslideGuard_Project_Master,,,,22.850847,92.797028,22.850847,92.797028,True,22.851,92.797,,IND-INV-030002,INVENTORY,,,unknown,Mizoram,Lunglei,,,Rainfall,Rock,Slide,Active,0.0,,Geological Survey of India (GSI) inventory,MZ/LUN/84B13/2018/54,,GSI:21101,1.0,GSI,False,SOURCE,HIGH,22.851_92.797,,False,,OBJECTID=21101,1191.0216,29.49527,46.256744,3665,10,True
,,,,,,,,,,,,,,,,,,,,,,,,,92.51,24.08,LandslideGuard_Project_Master,,,,24.08,92.51,24.08,92.51,True,24.08,92.51,,IND-INV-029449,INVENTORY,,,unknown,Mizoram,Mamit,Damdial slide,,Rainfall,Earth,Slide,Active,0.0,,Geological Survey of India (GSI) inventory,MZ/KOL/83D12/2020/6,,GSI:28082,1.0,GSI,False,SOURCE,HIGH,24.080_92.510,,False,,OBJECTID=28082,628.0379,22.55416,55.4708,3701,10,True
,,,,,,,,,,,,,,,,,,,,,,,,,94.635525,26.037847,LandslideGuard_Project_Master,,,,26.037847,94.635525,26.037847,94.635525,True,26.038,94.636,,IND-INV-023921,INVENTORY,,,unknown,Nagaland,Zunheboto,,,Rainfall,Rock,Slide,Reactivated,2100.0,,Geological Survey of India (GSI) inventory,NAG/ZUN/83J12/2016/0057,,GSI:9486,1.0,GSI,False,SOURCE,HIGH,26.038_94.636,,False,,OBJECTID=9486,2008.7858,34.37638,249.503,4276,10,True
,,,,,,,,,,,,,,,,,,,,,,,,,92.849403,23.088615,LandslideGuard_Project_Master,,,,23.088615,92.849403,23.088615,92.849403,True,23.089,92.849,,IND-INV-029932,INVENTORY,,,unknown,Mizoram,Lunglei,,,Rainfall,Soil,Slide,Suspended,153.93804,,Geological Survey of India (GSI) inventory,MZ/LUN/84A16/2018/66,,GSI:21091,1.0,GSI,False,SOURCE,HIGH,23.089_92.849,,False,,OBJECTID=21091,797.3857,32.08196,154.46945,4301,10,True
,,,,,,,,,,,,,,,,,,,,,,,,,88.545,27.102,LandslideGuard_Project_Master,,,,27.102,88.545,27.102,88.545,True,27.102,88.545,,IND-INV-021470,INVENTORY,2013.0,,year,West Bengal,Darjeeling,Upper Payung,2013.0,Rainfall,Debris,Slide,Suspended,450.0,,Geological Survey of India (GSI) inventory,WB/DAR/78A12/2015/244,,GSI:10660,1.0,GSI,False,SOURCE,HIGH,27.102_88.545,,False,,OBJECTID=10660,1640.5294,17.05572,176.10535,3662,30,True
,,,,,,,,,,,,,,,,,,,,,,,,,91.882943,25.359922,LandslideGuard_Project_Master,,,,25.359922,91.882943,25.359922,91.882943,True,25.36,91.883,,IND-INV-027110,INVENTORY,,,unknown,Meghalaya,East Khasi Hills,,,Rainfall,Rock,Slide,Suspended,300.0,,Geological Survey of India (GSI) inventory,ME/EKJ/78O15/2015/100,,GSI:9775,1.0,GSI,False,SOURCE,HIGH,25.360_91.883,,False,,OBJECTID=9775,1499.6102,37.576416,184.78035,3649,30,True
,,,,,,,,,,,,,,,,,,,,,,,,,88.533111,27.179056,LandslideGuard_Project_Master,,,,27.179056,88.533111,27.179056,88.533111,True,27.179,88.533,,IND-INV-021690,INVENTORY,,,unknown,Sikkim,East Sikkim,,,Rainfall,Rock,Slide,Active,0.0,,Geological Survey of India (GSI) inventory,SK/EAST/78A12/2015/0221,,GSI:295,1.0,GSI,False,SOURCE,HIGH,27.179_88.533,,False,,OBJECTID=295,371.71207,47.669613,137.00407,3662,60,True
,,,,,,,,,,,,,,,,,,,,,,,,,92.877998,22.482,LandslideGuard_Project_Master,,,,22.482,92.877998,22.482,92.877998,True,22.482,92.878,,IND-INV-030222,INVENTORY,,,unknown,Mizoram,Lawngtlai,,,Rainfall,Debris,Slide,Stabilized,0.0,,Geological Survey of India (GSI) inventory,MZ/LAW/84B15/2018/11,,GSI:21025,1.0,GSI,False,SOURCE,HIGH,22.482_92.878,,False,,OBJECTID=21025,627.44324,10.938262,247.38477,4301,10,True
,,,,,,,,,,,,,,,,,,,,,,,,,92.68,22.26,LandslideGuard_Project_Master,,,,22.26,92.68,22.26,92.68,True,22.26,92.68,,IND-INV-029727,INVENTORY,2019.0,,year,Mizoram,Lawngtlai,Chikhurlui to Vathuampui road slide 3,2019.0,Rainfall,Debris,Slide,Suspended,0.0,,Geological Survey of India (GSI) inventory,MZ/LAW/84B11/2020/64,,GSI:28337,1.0,GSI,False,SOURCE,HIGH,22.260_92.680,,False,,OBJECTID=28337,178.00737,7.8670106,179.40381,3665,10,True
,,,,,,,,,,,,,,,,,,,,,,,,,89.104824,26.852464,LandslideGuard_Project_Master,,,,26.852464,89.104824,26.852464,89.104824,True,26.852,89.105,,IND-INV-021046,INVENTORY,2011.0,,year,West Bengal,Jalpaiguri,,2011.0,Rainfall,Debris,Slide,Active,1020.0,,Geological Survey of India (GSI) inventory,WB/JAL/78F01/2015/1154,,GSI:12899,1.0,GSI,False,SOURCE,HIGH,26.852_89.105,,False,,OBJECTID=12899,293.44852,23.227053,255.63417,3662,10,True
,,,,,,,,,,,,,,,,,,,,,,,,,93.376359,23.391352,LandslideGuard_Project_Master,,,,23.391352,93.376359,23.391352,93.376359,True,23.391,93.376,,IND-INV-028479,INVENTORY,,,unknown,Mizoram,Champhai,,,Rainfall and Anthropogenic,Rock,Fall,Active,0.0,,Geological Survey of India (GSI) inventory,MZ/CHA/84E07/2017/95,,GSI:18155,1.0,GSI,False,SOURCE,HIGH,23.391_93.376,,False,,OBJECTID=18155,1155.6774,25.437927,41.403572,4301,10,True
,,,,,,,,,,,,,,,,,,,,,,,,,92.47375,26.031583,LandslideGuard_Project_Master,,,,26.031583,92.47375,26.031583,92.47375,True,26.032,92.474,,IND-INV-027503,INVENTORY,2014.0,,year,Assam,West Karbi Anglong,Amsoi-Amtrang road slide No.28,2014.0,Rainfall,Earth,Slide,Suspended,84.0,,Geological Survey of India (GSI) inventory,ASM/WKA/83B08/2017/31,,GSI:4882,1.0,GSI,False,SOURCE,HIGH,26.032_92.474,,False,,OBJECTID=4882,242.41882,19.096294,125.92184,3814,10,True
,,,,,,,,,,,,,,,,,,,,,,,,,91.206972,25.53725,LandslideGuard_Project_Master,,,,25.53725,91.206972,25.53725,91.206972,True,25.537,91.207,,IND-INV-026823,INVENTORY,,,unknown,Meghalaya,West Khasi Hills,0.8 km NE of Nongkaniang,,Rainfall,Soil,Slide,Suspended,70.0,,Geological Survey of India (GSI) inventory,MG/WKH/78O02/2017/53,,GSI:20007,1.0,GSI,False,SOURCE,HIGH,25.537_91.207,,False,,OBJECTID=20007,1332.7122,31.19972,350.15906,3647,10,True
,,,,,,,,,,,,,,,,,,,,,,,,,90.833917,25.560028,LandslideGuard_Project_Master,,,,25.560028,90.833917,25.560028,90.833917,True,25.56,90.834,,IND-INV-026862,INVENTORY,,,unknown,Meghalaya,South West Khasi Hills,North of Makalbari,,Rainfall,Soil,Slide,Active,480.0,,Geological Survey of India (GSI) inventory,MG/SWKH/78K14/2018/1,,GSI:22676,1.0,GSI,False,SOURCE,HIGH,25.560_90.834,,False,,OBJECTID=22676,581.45,29.912971,327.83493,3814,10,True
,,,,,,,,,,,,,,,,,,,,,,,,,93.0,22.14,LandslideGuard_Project_Master,,,,22.14,93.0,22.14,93.0,True,22.14,93.0,,IND-INV-030427,INVENTORY,,,unknown,Mizoram,Saiha,South of Laki slide,,Rainfall,Rock,Slide,Suspended,0.0,,Geological Survey of India (GSI) inventory,MZ/SAI/84F04/2020/13,,GSI:28454,1.0,GSI,False,SOURCE,HIGH,22.140_93.000,,False,,OBJECTID=28454,921.2528,20.022026,179.96867,4301,10,True
,,,2020-05-21,,,,,,,,,,,,,,,,,,,,,,91.8827222222222,25.62,LandslideGuard_Project_Master,2020-05-21,,2020-05-21,25.62,91.8827222222222,25.62,91.8827222222222,True,25.62,91.883,2020-05-21,IND-EVT-001355,EVENT,2020.0,5.0,day,Meghalaya,East Khasi Hills,"Mawlai-Umjapung, East Khasi Hills District, Meghalaya",,,,,,,,Kaggle LandslideIncidences,KAGGLE-012,,KaggleLandslideIncidences:12,1.0,Kaggle dataset,False,SOURCE,MEDIUM,2020-05-21_25.620_91.883,,False,,"A landslide occurred at Mawlai-Umjapung about 50 m East of NH-40 on 21st May 2020 around 1:00 pm. It was reported that the landslide had partially buried a house (Lat: 25° 37’ 12” N, Lon: 91° 52’ 57.8” E), when a retaining wall collapsed after incessant rainfall. About 20 m x 15 m area on the gently dipping slope has been affected by the slide. A poorly constructed retaining wall collapsed onto a house destroying it into debris. A family of five people have been rendered homeless. The slope, modified for settlement is composed of a thick overburden of highly oxidised cohesive clayey soil. Incessant and heavy rainfall has led to increase in pore water pressure on the weak retaining wall besides static load due to settlement above the failed portion resulted into the failure.",1254.3376,11.024051,131.73137,3647,50,True
,,,,,,,,,,,,,,,,,,,,,,,,,94.284,25.559,LandslideGuard_Project_Master,,,,25.559,94.284,25.559,94.284,True,25.559,94.284,,IND-INV-024571,INVENTORY,,,unknown,Nagaland,Phek,,,Rainfall,Debris,Fall,Suspended,286.0,,Geological Survey of India (GSI) inventory,NG/PHE/83K6/2015/245,,GSI:7343,1.0,GSI,False,SOURCE,HIGH,25.559_94.284,,False,,OBJECTID=7343,1749.6113,12.538366,225.67656,4276,30,True
,,,,,,,,,,,,,,,,,,,,,,,,,95.11125,28.133611,LandslideGuard_Project_Master,,,,28.133611,95.11125,28.133611,95.11125,True,28.134,95.111,,IND-INV-023121,INVENTORY,,,unknown,Arunachal Pradesh,West Siang,Northwest of Rotung Slide 1,,Rainfall,Debris,Slide,Active,1050.0,,Geological Survey of India (GSI) inventory,AR/US/82P04/2022/026,,GSI:30063,1.0,GSI,False,SOURCE,HIGH,28.134_95.111,,False,,OBJECTID=30063,290.6624,30.9291,22.703602,11927,10,True
,,,,,,,,,,,,,,,,,,,,,,,,,89.099149,26.868647,LandslideGuard_Project_Master,,,,26.868647,89.099149,26.868647,89.099149,True,26.869,89.099,,IND-INV-021047,INVENTORY,2011.0,,year,West Bengal,Jalpaiguri,,2011.0,Rainfall,Debris,Slide,Active,550.0,,Geological Survey of India (GSI) inventory,WB/JAL/78F01/2015/1156,,GSI:12901,1.0,GSI,False,SOURCE,HIGH,26.869_89.099,,False,,OBJECTID=12901,309.92545,28.823057,161.87294,3662,10,True
,,,,,,,,,,,,,,,,,,,,,,,,,94.449361,25.023111,LandslideGuard_Project_Master,,,,25.023111,94.449361,25.023111,94.449361,True,25.023,94.449,,IND-INV-024341,INVENTORY,,,unknown,Manipur,Ukhrul,,,Rainfall,Debris,Slide,Active,140.0,,Geological Survey of India (GSI) inventory,MAN/UKH/83K08/2015/016,,GSI:9351,1.0,GSI,False,SOURCE,HIGH,25.023_94.449,,False,,OBJECTID=9351,1897.98,33.75012,130.62622,4301,10,True
,,,,,,,,,,,,,,,,,,,,,,,,,95.848265,28.487041,LandslideGuard_Project_Master,,,,28.487041,95.848265,28.487041,95.848265,True,28.487,95.848,,IND-INV-023340,INVENTORY,,,unknown,Arunachal Pradesh,Dibang Valley,From Hunli 51.2 kms along NH-313 towards Anini,,Rainfall,Debris,Slide,Active,24300.0,NIL,Geological Survey of India (GSI) inventory,AP/DV/82P15/2022/130,,GSI:30397,1.0,GSI,False,SOURCE,HIGH,28.487_95.848,,False,,OBJECTID=30397,845.3844,25.902096,214.0176,11790,60,True
,,,,,,,,,,,,,,,,,,,,,,,,,92.707161,22.957518,LandslideGuard_Project_Master,,,,22.957518,92.707161,22.957518,92.707161,True,22.958,92.707,,IND-INV-029892,INVENTORY,,,unknown,Mizoram,Lunglei,,,Rainfall,Debris,Slide,Active,0.0,,Geological Survey of India (GSI) inventory,MZ/LUN/84B13/2018/114,,GSI:22218,1.0,GSI,False,SOURCE,HIGH,22.958_92.707,,False,,OBJECTID=22218,745.8775,25.725517,82.917915,3665,10,True
,,,,,,,,,,,,,,,,,,,,,,,,,92.676444,23.719472,LandslideGuard_Project_Master,,,,23.719472,92.676444,23.719472,92.676444,True,23.719,92.676,,IND-INV-029048,INVENTORY,,,unknown,Mizoram,Aizawl,,,Rainfall,Debris,Slide,Active,3350.0,,Geological Survey of India (GSI) inventory,MZ/AIZ/84A10/2015/200,,GSI:11646,1.0,GSI,False,SOURCE,HIGH,23.719_92.676,,False,,OBJECTID=11646,499.49957,26.187258,258.05057,3665,30,True
,,,,,,,,,,,,,,,,,,,,,,,,,93.6675,25.135861,LandslideGuard_Project_Master,,,,25.135861,93.6675,25.135861,93.6675,True,25.136,93.668,,IND-INV-024974,INVENTORY,,,unknown,Manipur,Tamenglong,,,Rainfall,Debris,Slide,Active,875.0,,Geological Survey of India (GSI) inventory,MAN/TAM/83G12/2017/0121,,GSI:9571,1.0,GSI,False,SOURCE,HIGH,25.136_93.668,,False,,OBJECTID=9571,1161.6953,22.90911,313.45932,4301,10,True
